time,lead1,lead2,lead3,lead4,lead5,lead6,lead7,lead8,lead9,lead10,lead11,lead12
0.0,-0.073,-0.114,-0.04,0.094,-0.016,-0.077,0.04,-0.114,-0.111,-0.113,-0.108,-0.062
0.01,-0.053,-0.078,-0.026,0.066,-0.013,-0.052,0.062,-0.104,-0.088,-0.094,-0.098,-0.058
0.02,-0.057,-0.054,0.003,0.056,-0.03,-0.025,0.086,-0.093,-0.081,-0.088,-0.093,-0.051
0.03,-0.054,-0.034,0.02,0.044,-0.037,-0.006,0.082,-0.088,-0.076,-0.081,-0.085,-0.044
0.04,-0.052,-0.031,0.021,0.042,-0.036,-0.005,0.044,-0.106,-0.072,-0.078,-0.081,-0.038
0.05,-0.047,-0.032,0.015,0.039,-0.031,-0.008,0.019,-0.11,-0.063,-0.076,-0.079,-0.03
0.06,-0.031,-0.015,0.016,0.023,-0.024,0.0,0.035,-0.108,-0.062,-0.083,-0.081,-0.027
0.07,-0.016,-0.035,-0.019,0.026,0.002,-0.027,0.032,-0.103,-0.071,-0.077,-0.08,-0.017
0.08,-0.004,-0.07,-0.065,0.037,0.031,-0.067,0.025,-0.129,-0.109,-0.084,-0.078,-0.045
0.09,-0.037,-0.1,-0.063,0.069,0.013,-0.081,0.025,-0.143,-0.118,-0.099,-0.09,-0.071
0.1,-0.046,-0.113,-0.067,0.08,0.011,-0.09,0.013,-0.121,-0.11,-0.1,-0.106,-0.071
0.11,-0.073,-0.135,-0.062,0.105,-0.005,-0.099,0.025,-0.164,-0.146,-0.128,-0.125,-0.091
0.12,-0.088,-0.156,-0.069,0.123,-0.009,-0.112,0.035,-0.127,-0.113,-0.101,-0.102,-0.083
0.13,-0.061,-0.139,-0.078,0.1,0.009,-0.109,0.045,-0.159,-0.142,-0.114,-0.103,-0.081
0.14,-0.047,-0.125,-0.078,0.086,0.016,-0.101,0.025,-0.122,-0.094,-0.091,-0.098,-0.071
0.15,-0.101,-0.173,-0.072,0.138,-0.014,-0.122,0.044,-0.133,-0.127,-0.121,-0.111,-0.073
0.16,-0.117,-0.191,-0.074,0.154,-0.021,-0.132,0.141,0.036,-0.059,-0.105,-0.131,-0.135
0.17,-0.042,-0.178,-0.135,0.11,0.047,-0.156,0.388,0.447,0.039,-0.059,-0.099,-0.137
0.18,0.251,0.419,0.167,-0.335,0.042,0.292,0.052,0.299,0.495,0.539,0.486,0.407
0.19,0.585,1.138,0.553,-0.862,0.015,0.845,-1.008,0.025,1.303,1.408,1.249,1.054
0.2,0.324,0.621,0.297,-0.472,0.013,0.459,-0.998,-0.484,0.395,0.593,0.656,0.658
0.21,0.023,-0.05,-0.073,0.013,0.048,-0.061,-0.34,-0.469,-0.339,-0.192,-0.071,0.071
0.22,-0.016,-0.128,-0.112,0.072,0.049,-0.12,-0.12,-0.017,-0.023,-0.02,-0.043,-0.001
0.23,-0.093,-0.155,-0.062,0.124,-0.015,-0.108,0.02,-0.071,-0.101,-0.083,-0.079,-0.038
0.24,-0.076,-0.135,-0.059,0.106,-0.008,-0.097,0.023,-0.001,-0.031,-0.048,-0.052,-0.042
0.25,-0.05,-0.134,-0.083,0.092,0.017,-0.108,0.046,-0.006,-0.075,-0.076,-0.054,-0.054
0.26,-0.047,-0.127,-0.081,0.087,0.017,-0.104,0.067,0.01,-0.065,-0.071,-0.049,-0.057
0.27,-0.047,-0.122,-0.075,0.085,0.014,-0.098,0.048,0.045,-0.04,-0.059,-0.046,-0.053
0.28,-0.054,-0.124,-0.07,0.089,0.008,-0.097,0.058,0.025,-0.052,-0.07,-0.062,-0.063
0.29,-0.053,-0.117,-0.063,0.085,0.005,-0.089,0.043,0.058,-0.023,-0.05,-0.047,-0.058
0.3,-0.056,-0.115,-0.059,0.086,0.002,-0.087,0.046,0.05,-0.04,-0.054,-0.053,-0.059
0.31,-0.065,-0.117,-0.052,0.091,-0.006,-0.085,0.06,0.075,-0.016,-0.029,-0.044,-0.048
0.32,-0.051,-0.099,-0.047,0.075,-0.002,-0.073,0.07,0.09,-0.006,-0.029,-0.042,-0.043
0.33,-0.042,-0.084,-0.043,0.063,0.001,-0.064,0.059,0.099,0.017,-0.012,-0.027,-0.036
0.34,-0.016,-0.052,-0.036,0.034,0.01,-0.043,0.056,0.129,0.028,0.006,-0.011,-0.027
0.35,-0.007,-0.039,-0.032,0.023,0.012,-0.035,0.05,0.168,0.061,0.037,-0.006,-0.022
0.36,-0.009,-0.052,-0.043,0.031,0.017,-0.047,0.041,0.193,0.071,0.051,0.007,-0.007
0.37,0.033,-0.003,-0.036,-0.015,0.035,-0.019,0.029,0.239,0.089,0.065,0.031,0.011
0.38,0.039,0.025,-0.015,-0.032,0.027,0.005,0.018,0.282,0.117,0.092,0.05,0.028
0.39,0.077,0.06,-0.018,-0.068,0.047,0.021,0.005,0.336,0.153,0.121,0.088,0.057
0.4,0.104,0.105,0.001,-0.105,0.051,0.053,-0.033,0.383,0.194,0.171,0.13,0.089
0.41,0.138,0.166,0.028,-0.152,0.055,0.097,-0.049,0.436,0.24,0.223,0.186,0.131
0.42,0.171,0.218,0.047,-0.195,0.062,0.133,-0.078,0.48,0.291,0.271,0.237,0.173
0.43,0.198,0.275,0.077,-0.237,0.06,0.176,-0.112,0.5,0.331,0.325,0.288,0.219
0.44,0.253,0.346,0.093,-0.3,0.079,0.22,-0.119,0.515,0.373,0.378,0.33,0.255
0.45,0.225,0.358,0.134,-0.292,0.046,0.246,-0.129,0.466,0.382,0.382,0.336,0.276
0.46,0.236,0.385,0.149,-0.311,0.043,0.267,-0.117,0.426,0.379,0.372,0.335,0.284
0.47,0.193,0.328,0.136,-0.261,0.028,0.232,-0.082,0.354,0.323,0.325,0.281,0.229
0.48,0.104,0.23,0.126,-0.167,-0.011,0.178,-0.044,0.248,0.237,0.24,0.192,0.157
0.49,0.095,0.189,0.094,-0.142,0.001,0.141,-0.006,0.18,0.181,0.168,0.132,0.11
0.5,0.015,0.088,0.073,-0.052,-0.029,0.08,0.037,0.112,0.108,0.088,0.076,0.03
0.51,-0.114,-0.064,0.05,0.088,-0.081,-0.007,0.034,0.049,0.032,0.019,-0.027,-0.036
0.52,-0.15,-0.13,0.02,0.14,-0.084,-0.055,0.019,-0.009,-0.037,-0.042,-0.081,-0.062
0.53,-0.103,-0.09,0.014,0.096,-0.058,-0.038,0.032,-0.017,-0.044,-0.039,-0.074,-0.063
0.54,-0.125,-0.109,0.015,0.117,-0.07,-0.047,0.03,-0.036,-0.058,-0.055,-0.101,-0.075
0.55,-0.176,-0.161,0.015,0.168,-0.095,-0.073,0.03,-0.075,-0.105,-0.101,-0.118,-0.112
0.56,-0.158,-0.143,0.015,0.15,-0.086,-0.064,0.027,-0.065,-0.097,-0.088,-0.114,-0.103
0.57,-0.141,-0.126,0.015,0.133,-0.078,-0.055,0.024,-0.064,-0.095,-0.086,-0.109,-0.095
0.58,-0.166,-0.154,0.012,0.159,-0.089,-0.07,0.025,-0.06,-0.093,-0.082,-0.103,-0.091
0.59,-0.17,-0.161,0.01,0.165,-0.09,-0.075,0.02,-0.055,-0.089,-0.075,-0.098,-0.081
0.6,-0.143,-0.133,0.01,0.138,-0.077,-0.061,0.021,-0.056,-0.089,-0.074,-0.092,-0.081
0.61,-0.145,-0.138,0.006,0.141,-0.075,-0.066,0.018,-0.054,-0.083,-0.067,-0.09,-0.079
0.62,-0.163,-0.159,0.004,0.16,-0.083,-0.077,0.015,-0.056,-0.086,-0.066,-0.09,-0.081
0.63,-0.16,-0.155,0.006,0.157,-0.083,-0.074,0.014,-0.054,-0.081,-0.061,-0.09,-0.079
0.64,-0.158,-0.148,0.01,0.153,-0.084,-0.069,0.018,-0.056,-0.08,-0.058,-0.09,-0.081
0.65,-0.161,-0.144,0.017,0.152,-0.089,-0.063,0.02,-0.054,-0.08,-0.054,-0.09,-0.079
0.66,-0.158,-0.136,0.022,0.147,-0.089,-0.057,0.02,-0.058,-0.081,-0.051,-0.086,-0.076
0.67,-0.166,-0.138,0.028,0.152,-0.097,-0.055,0.024,-0.069,-0.08,-0.05,-0.082,-0.073
0.68,-0.17,-0.14,0.03,0.155,-0.1,-0.055,0.025,-0.072,-0.08,-0.048,-0.078,-0.07
0.69,-0.166,-0.136,0.03,0.151,-0.098,-0.052,0.025,-0.068,-0.094,-0.046,-0.075,-0.068
0.7,-0.17,-0.135,0.035,0.152,-0.102,-0.05,0.02,-0.074,-0.093,-0.043,-0.07,-0.064
0.71,-0.17,-0.135,0.035,0.152,-0.102,-0.05,0.021,-0.083,-0.085,-0.055,-0.073,-0.068
0.72,-0.172,-0.135,0.036,0.153,-0.103,-0.049,0.016,-0.088,-0.084,-0.067,-0.075,-0.07
0.73,-0.174,-0.134,0.04,0.154,-0.107,-0.047,0.016,-0.089,-0.076,-0.064,-0.071,-0.07
0.74,-0.179,-0.138,0.041,0.158,-0.109,-0.048,0.014,-0.09,-0.075,-0.065,-0.068,-0.069
0.75,-0.176,-0.14,0.036,0.157,-0.106,-0.052,-0.004,-0.102,-0.088,-0.065,-0.065,-0.066
0.76,-0.164,-0.142,0.022,0.152,-0.093,-0.06,0.005,-0.101,-0.085,-0.065,-0.062,-0.063
0.77,-0.152,-0.145,0.008,0.148,-0.079,-0.068,0.021,-0.091,-0.077,-0.061,-0.06,-0.061
0.78,-0.145,-0.145,0.0,0.145,-0.072,-0.073,0.024,-0.087,-0.071,-0.054,-0.058,-0.057
0.79,-0.144,-0.151,-0.007,0.148,-0.068,-0.079,0.026,-0.079,-0.064,-0.048,-0.052,-0.055
0.8,-0.137,-0.147,-0.01,0.143,-0.063,-0.079,0.024,-0.074,-0.059,-0.041,-0.047,-0.052
0.81,-0.121,-0.144,-0.023,0.133,-0.048,-0.084,0.025,-0.068,-0.051,-0.034,-0.044,-0.047
0.82,-0.103,-0.138,-0.035,0.121,-0.034,-0.086,0.025,-0.061,-0.043,-0.029,-0.039,-0.041
0.83,-0.116,-0.136,-0.019,0.126,-0.048,-0.077,0.028,-0.054,-0.035,-0.021,-0.035,-0.035
0.84,-0.11,-0.113,-0.003,0.112,-0.053,-0.058,0.045,-0.047,-0.027,-0.009,-0.03,-0.03
0.85,-0.092,-0.082,0.01,0.087,-0.051,-0.036,0.07,-0.041,-0.022,-0.001,-0.026,-0.024
0.86,-0.098,-0.075,0.023,0.086,-0.06,-0.026,0.075,-0.047,-0.017,0.011,-0.021,-0.017
0.87,-0.095,-0.066,0.028,0.08,-0.061,-0.018,0.036,-0.072,-0.015,0.019,-0.017,-0.011
0.88,-0.085,-0.064,0.022,0.074,-0.053,-0.021,0.0,-0.078,-0.011,0.031,-0.012,-0.004
0.89,-0.05,-0.043,0.007,0.046,-0.029,-0.018,0.011,-0.08,-0.005,0.039,-0.008,0.003
0.9,-0.054,-0.056,-0.002,0.055,-0.026,-0.028,0.011,-0.084,-0.011,0.036,-0.003,0.002
0.91,-0.091,-0.104,-0.012,0.098,-0.039,-0.058,0.009,-0.081,-0.034,0.025,0.001,-0.017
0.92,-0.108,-0.124,-0.016,0.117,-0.046,-0.07,0.011,-0.095,-0.047,0.013,-0.009,-0.034
0.93,-0.119,-0.145,-0.026,0.132,-0.046,-0.085,0.001,-0.087,-0.029,0.018,-0.014,-0.041
0.94,-0.117,-0.148,-0.031,0.133,-0.042,-0.09,0.01,-0.107,-0.056,0.001,-0.029,-0.042
0.95,-0.118,-0.158,-0.04,0.138,-0.039,-0.098,-0.003,-0.077,-0.038,0.016,-0.031,-0.033
0.96,-0.132,-0.172,-0.04,0.152,-0.045,-0.106,0.005,-0.103,-0.065,-0.011,-0.046,-0.038
0.97,-0.118,-0.157,-0.038,0.137,-0.039,-0.097,-0.011,-0.073,-0.026,0.011,-0.023,-0.026
0.98,-0.132,-0.174,-0.042,0.153,-0.045,-0.108,0.01,-0.092,-0.044,-0.016,-0.037,-0.035
0.99,-0.139,-0.158,-0.02,0.149,-0.059,-0.089,0.101,-0.001,-0.017,-0.013,-0.044,-0.076
1.0,-0.114,-0.189,-0.075,0.152,-0.019,-0.132,0.298,0.452,0.121,0.034,-0.038,-0.114
1.01,0.154,0.253,0.1,-0.204,0.027,0.176,0.149,0.369,0.407,0.45,0.383,0.294
1.02,0.61,1.062,0.452,-0.836,0.078,0.757,-0.817,0.066,1.23,1.404,1.246,1.006
1.03,0.406,0.728,0.323,-0.568,0.041,0.525,-1.056,-0.429,0.64,0.866,0.867,0.791
1.04,0.034,0.008,-0.026,-0.021,0.03,-0.009,-0.421,-0.53,-0.268,-0.077,0.071,0.146
1.05,0.01,-0.102,-0.112,0.046,0.061,-0.107,-0.152,-0.046,0.015,0.05,0.067,0.003
1.06,-0.065,-0.127,-0.062,0.096,-0.001,-0.094,-0.033,-0.043,-0.013,0.016,0.022,-0.009
1.07,-0.078,-0.109,-0.031,0.093,-0.023,-0.07,0.013,0.002,0.025,0.031,0.03,-0.008
1.08,-0.075,-0.112,-0.037,0.094,-0.019,-0.074,0.031,0.031,0.042,0.037,0.035,-0.011
1.09,-0.04,-0.092,-0.052,0.066,0.006,-0.072,0.041,0.023,0.01,0.019,0.022,-0.017
1.1,-0.039,-0.085,-0.046,0.062,0.004,-0.066,0.025,0.053,0.041,0.041,0.039,-0.011
1.11,-0.073,-0.107,-0.034,0.09,-0.019,-0.07,0.048,0.053,0.036,0.039,0.02,-0.012
1.12,-0.054,-0.084,-0.031,0.069,-0.011,-0.057,0.048,0.099,0.081,0.074,0.032,-0.001
1.13,-0.054,-0.079,-0.025,0.067,-0.014,-0.052,0.048,0.08,0.054,0.046,0.028,-0.002
1.14,-0.038,-0.056,-0.017,0.047,-0.01,-0.036,0.043,0.099,0.07,0.061,0.05,0.007
1.15,-0.033,-0.044,-0.011,0.038,-0.011,-0.027,0.041,0.12,0.078,0.065,0.058,0.008
1.16,-0.035,-0.039,-0.004,0.037,-0.015,-0.021,0.04,0.144,0.095,0.076,0.063,0.017
1.17,-0.03,-0.027,0.003,0.028,-0.016,-0.012,0.035,0.171,0.108,0.096,0.082,0.028
1.18,-0.012,-0.009,0.002,0.01,-0.007,-0.003,0.031,0.192,0.114,0.101,0.093,0.021
1.19,0.015,0.013,-0.001,-0.014,0.008,0.006,0.026,0.225,0.134,0.117,0.095,0.04
1.2,0.013,0.016,0.002,-0.015,0.005,0.009,0.022,0.259,0.151,0.137,0.107,0.059
1.21,0.052,0.056,0.004,-0.055,0.024,0.03,0.015,0.305,0.184,0.169,0.142,0.079
1.22,0.087,0.097,0.01,-0.093,0.038,0.053,0.0,0.362,0.224,0.205,0.175,0.108
1.23,0.103,0.123,0.02,-0.114,0.041,0.072,-0.024,0.419,0.261,0.249,0.218,0.146
1.24,0.166,0.193,0.027,-0.18,0.069,0.11,-0.054,0.474,0.308,0.306,0.269,0.193
1.25,0.196,0.244,0.049,-0.22,0.073,0.146,-0.076,0.521,0.362,0.366,0.328,0.241
1.26,0.222,0.289,0.066,-0.256,0.078,0.177,-0.098,0.555,0.406,0.419,0.378,0.289
1.27,0.263,0.341,0.078,-0.302,0.093,0.209,-0.124,0.558,0.446,0.448,0.415,0.318
1.28,0.259,0.352,0.093,-0.306,0.083,0.223,-0.136,0.534,0.466,0.456,0.453,0.347
1.29,0.234,0.344,0.11,-0.289,0.062,0.226,-0.121,0.482,0.449,0.448,0.436,0.34
1.3,0.208,0.318,0.11,-0.263,0.049,0.214,-0.081,0.408,0.401,0.412,0.378,0.288
1.31,0.133,0.229,0.096,-0.181,0.018,0.162,-0.038,0.309,0.325,0.322,0.298,0.221
1.32,0.049,0.133,0.084,-0.091,-0.018,0.108,-0.017,0.209,0.24,0.227,0.208,0.148
1.33,-0.002,0.061,0.063,-0.029,-0.032,0.062,0.013,0.15,0.166,0.156,0.138,0.099
1.34,-0.037,-0.007,0.03,0.022,-0.034,0.012,0.042,0.112,0.122,0.089,0.088,0.057
1.35,-0.055,-0.041,0.014,0.047,-0.034,-0.013,0.058,0.07,0.089,0.053,0.055,0.015
1.36,-0.085,-0.069,0.016,0.076,-0.05,-0.027,0.067,0.031,0.05,0.038,0.024,0.002
1.37,-0.1,-0.087,0.013,0.094,-0.056,-0.037,0.064,0.026,0.033,0.027,0.008,-0.004
1.38,-0.095,-0.088,0.007,0.092,-0.051,-0.04,0.066,0.028,0.031,0.018,0.003,-0.011
1.39,-0.106,-0.103,0.003,0.104,-0.054,-0.05,0.065,0.017,0.026,0.009,-0.005,-0.017
1.4,-0.102,-0.103,-0.001,0.103,-0.05,-0.052,0.065,0.014,0.022,0.001,-0.011,-0.024
1.41,-0.09,-0.097,-0.007,0.094,-0.042,-0.051,0.06,0.005,0.018,-0.01,-0.017,-0.029
1.42,-0.085,-0.094,-0.009,0.09,-0.037,-0.051,0.056,0.0,0.013,-0.015,-0.023,-0.03
1.43,-0.064,-0.087,-0.023,0.076,-0.021,-0.055,0.051,0.012,0.01,-0.019,-0.025,-0.03
1.44,-0.054,-0.087,-0.033,0.071,-0.01,-0.06,0.054,0.02,0.006,-0.021,-0.026,-0.035
1.45,-0.067,-0.095,-0.028,0.081,-0.019,-0.061,0.079,0.034,0.003,-0.019,-0.024,-0.035
1.46,-0.089,-0.113,-0.025,0.102,-0.031,-0.069,0.085,0.039,-0.002,-0.022,-0.026,-0.034
1.47,-0.074,-0.096,-0.022,0.085,-0.025,-0.058,0.076,0.027,-0.003,-0.018,-0.023,-0.03
1.48,-0.098,-0.115,-0.017,0.107,-0.04,-0.066,0.074,0.025,-0.009,-0.025,-0.022,-0.03
1.49,-0.08,-0.095,-0.015,0.088,-0.032,-0.055,0.068,0.013,-0.013,-0.027,-0.019,-0.03
1.5,-0.087,-0.112,-0.025,0.099,-0.03,-0.068,0.064,0.013,-0.019,-0.026,-0.018,-0.029
1.51,-0.07,-0.097,-0.026,0.084,-0.022,-0.061,0.085,0.043,-0.027,-0.017,-0.014,-0.032
1.52,-0.017,-0.041,-0.024,0.029,0.004,-0.032,0.097,0.05,0.001,-0.008,-0.01,-0.021
1.53,-0.083,-0.107,-0.024,0.096,-0.029,-0.066,0.084,0.035,-0.008,-0.024,-0.04,-0.036
1.54,-0.012,-0.031,-0.019,0.021,0.004,-0.025,0.087,0.036,-0.023,-0.027,-0.047,-0.053
1.55,-0.133,-0.154,-0.021,0.143,-0.056,-0.087,0.075,0.022,-0.035,-0.055,-0.034,-0.048
1.56,-0.131,-0.148,-0.017,0.14,-0.057,-0.083,0.081,0.025,-0.041,-0.04,-0.023,-0.051
1.57,-0.047,-0.062,-0.015,0.055,-0.016,-0.038,0.081,0.035,-0.023,-0.04,-0.023,-0.05
1.58,-0.14,-0.156,-0.015,0.149,-0.062,-0.085,0.052,-0.009,-0.063,-0.082,-0.06,-0.05
1.59,-0.043,-0.058,-0.015,0.051,-0.014,-0.036,0.079,0.003,-0.076,-0.072,-0.074,-0.05
1.6,-0.11,-0.125,-0.015,0.118,-0.047,-0.07,0.087,0.019,-0.063,-0.076,-0.068,-0.05
1.61,-0.125,-0.14,-0.015,0.133,-0.054,-0.077,0.069,-0.001,-0.066,-0.075,-0.061,-0.049
1.62,-0.107,-0.127,-0.02,0.117,-0.043,-0.073,0.067,0.015,-0.064,-0.074,-0.053,-0.045
1.63,-0.126,-0.146,-0.02,0.136,-0.053,-0.083,0.06,0.011,-0.066,-0.076,-0.052,-0.045
1.64,-0.078,-0.1,-0.023,0.089,-0.028,-0.061,0.059,0.003,-0.065,-0.074,-0.056,-0.045
1.65,-0.092,-0.117,-0.025,0.105,-0.033,-0.071,0.054,0.0,-0.065,-0.076,-0.059,-0.045
1.66,-0.081,-0.106,-0.025,0.094,-0.028,-0.065,0.05,-0.008,-0.061,-0.074,-0.063,-0.045
1.67,-0.087,-0.111,-0.024,0.1,-0.031,-0.067,0.052,-0.019,-0.056,-0.076,-0.065,-0.042
1.68,-0.091,-0.11,-0.02,0.101,-0.035,-0.065,0.057,-0.021,-0.054,-0.074,-0.06,-0.038
1.69,-0.095,-0.108,-0.013,0.102,-0.041,-0.06,0.062,-0.013,-0.049,-0.068,-0.053,-0.035
1.7,-0.087,-0.096,-0.009,0.092,-0.039,-0.052,0.065,-0.012,-0.046,-0.063,-0.046,-0.032
1.71,-0.072,-0.07,0.002,0.071,-0.036,-0.034,0.073,-0.003,-0.042,-0.057,-0.039,-0.029
1.72,-0.071,-0.045,0.026,0.058,-0.048,-0.01,0.09,0.009,-0.039,-0.052,-0.033,-0.021
1.73,-0.06,-0.028,0.032,0.044,-0.046,0.002,0.095,0.018,-0.036,-0.045,-0.029,-0.013
1.74,-0.053,-0.024,0.029,0.038,-0.04,0.002,0.078,0.013,-0.032,-0.049,-0.027,-0.005
1.75,-0.039,-0.011,0.028,0.025,-0.033,0.008,0.062,0.007,-0.031,-0.051,-0.024,0.002
1.76,-0.031,-0.007,0.024,0.018,-0.027,0.008,0.052,0.003,-0.01,-0.055,-0.021,0.01
1.77,-0.026,-0.006,0.021,0.016,-0.023,0.008,0.043,-0.007,0.001,-0.059,-0.02,0.017
1.78,-0.022,-0.039,-0.017,0.031,-0.002,-0.028,0.038,-0.007,-0.02,-0.059,-0.029,-0.004
1.79,-0.04,-0.087,-0.048,0.064,0.004,-0.067,0.039,-0.029,-0.054,-0.077,-0.046,-0.027
1.8,-0.052,-0.102,-0.05,0.077,0.0,-0.076,0.031,-0.012,-0.047,-0.071,-0.044,-0.033
1.81,-0.078,-0.128,-0.05,0.103,-0.014,-0.089,0.034,-0.025,-0.068,-0.096,-0.059,-0.048
1.82,-0.079,-0.127,-0.048,0.103,-0.015,-0.088,0.027,-0.009,-0.045,-0.083,-0.051,-0.048
1.83,-0.074,-0.127,-0.053,0.1,-0.01,-0.089,0.032,-0.013,-0.06,-0.096,-0.059,-0.052
1.84,-0.078,-0.123,-0.045,0.1,-0.016,-0.084,0.031,-0.015,-0.05,-0.092,-0.053,-0.049
1.85,-0.069,-0.126,-0.057,0.097,-0.005,-0.091,0.027,0.004,-0.039,-0.091,-0.053,-0.048
1.86,-0.099,-0.138,-0.039,0.119,-0.03,-0.089,0.102,0.013,-0.058,-0.106,-0.091,-0.075
1.87,-0.106,-0.185,-0.079,0.146,-0.013,-0.132,0.274,0.456,0.101,-0.042,-0.092,-0.133
1.88,0.096,0.119,0.023,-0.108,0.037,0.071,0.27,0.506,0.279,0.212,0.213,0.148
1.89,0.567,0.938,0.371,-0.753,0.098,0.655,-0.575,0.199,1.133,1.21,1.09,0.89
1.9,0.519,0.811,0.292,-0.666,0.113,0.551,-1.083,-0.213,0.924,1.029,0.969,0.832
1.91,0.078,0.012,-0.066,-0.045,0.072,-0.027,-0.51,-0.505,-0.234,-0.107,0.053,0.156
1.92,0.014,-0.141,-0.155,0.063,0.085,-0.147,-0.16,-0.061,-0.088,-0.075,-0.047,0.006
1.93,-0.012,-0.13,-0.118,0.071,0.054,-0.124,-0.045,0.06,-0.012,-0.038,-0.034,-0.013
1.94,-0.035,-0.123,-0.088,0.079,0.027,-0.105,0.025,0.055,-0.045,-0.069,-0.05,-0.028
1.95,-0.037,-0.104,-0.067,0.071,0.015,-0.085,0.013,0.11,0.016,-0.029,-0.021,-0.013
1.96,-0.059,-0.111,-0.051,0.085,-0.004,-0.081,0.04,0.075,-0.029,-0.07,-0.041,-0.023
1.97,-0.052,-0.095,-0.044,0.074,-0.004,-0.069,0.041,0.122,0.025,-0.034,-0.014,-0.009
1.98,-0.058,-0.1,-0.042,0.079,-0.007,-0.071,0.06,0.108,-0.003,-0.061,-0.028,-0.019
1.99,-0.058,-0.089,-0.031,0.074,-0.013,-0.06,0.053,0.13,0.032,-0.032,-0.008,-0.006
2.0,-0.05,-0.083,-0.033,0.067,-0.008,-0.058,0.055,0.135,0.028,-0.034,-0.011,-0.001
2.01,-0.02,-0.034,-0.014,0.027,-0.003,-0.023,0.056,0.152,0.044,-0.013,0.003,0.005
2.02,-0.023,-0.031,-0.008,0.027,-0.007,-0.02,0.052,0.154,0.063,0.011,0.041,0.018
2.03,-0.001,-0.056,-0.055,0.029,0.027,-0.055,0.065,0.193,0.086,0.039,0.061,0.04
2.04,0.017,-0.046,-0.062,0.015,0.04,-0.054,0.066,0.218,0.1,0.054,0.059,0.047
2.05,0.016,-0.04,-0.056,0.012,0.037,-0.048,0.058,0.239,0.107,0.047,0.064,0.043
2.06,0.025,-0.029,-0.055,0.002,0.04,-0.042,0.05,0.282,0.125,0.056,0.078,0.046
2.07,0.041,-0.021,-0.062,-0.009,0.052,-0.042,0.042,0.309,0.138,0.071,0.09,0.054
2.08,0.083,0.004,-0.079,-0.043,0.081,-0.037,0.036,0.361,0.165,0.1,0.118,0.075
2.09,0.11,0.043,-0.066,-0.076,0.088,-0.011,0.024,0.403,0.199,0.136,0.15,0.102
2.1,0.135,0.081,-0.054,-0.107,0.094,0.013,0.011,0.46,0.238,0.18,0.189,0.134
2.11,0.175,0.124,-0.052,-0.15,0.113,0.036,-0.017,0.516,0.289,0.235,0.242,0.179
2.12,0.21,0.175,-0.035,-0.193,0.122,0.07,-0.048,0.57,0.351,0.296,0.294,0.219
2.13,0.236,0.238,0.002,-0.237,0.116,0.12,-0.074,0.605,0.392,0.352,0.346,0.256
2.14,0.261,0.292,0.031,-0.277,0.115,0.161,-0.093,0.6,0.437,0.4,0.393,0.299
2.15,0.257,0.307,0.05,-0.282,0.103,0.178,-0.087,0.588,0.443,0.402,0.408,0.315
2.16,0.241,0.306,0.064,-0.274,0.088,0.185,-0.087,0.552,0.429,0.389,0.402,0.312
2.17,0.216,0.281,0.065,-0.249,0.075,0.172,-0.075,0.467,0.409,0.369,0.361,0.285
2.18,0.142,0.204,0.061,-0.173,0.04,0.132,-0.036,0.355,0.332,0.293,0.284,0.213
2.19,0.074,0.127,0.053,-0.101,0.01,0.09,0.008,0.263,0.247,0.196,0.205,0.152
2.2,0.016,0.052,0.036,-0.035,-0.01,0.044,0.035,0.181,0.16,0.108,0.127,0.097
2.21,-0.019,0.0,0.019,0.009,-0.019,0.009,0.057,0.113,0.088,0.049,0.065,0.042
2.22,-0.025,-0.029,-0.004,0.027,-0.01,-0.017,0.077,0.072,0.042,0.01,0.023,0.018
2.23,-0.06,-0.086,-0.026,0.073,-0.017,-0.056,0.074,0.038,0.01,-0.03,-0.007,-0.001
2.24,-0.085,-0.108,-0.023,0.097,-0.031,-0.065,0.079,0.021,-0.003,-0.047,-0.017,-0.018
2.25,-0.073,-0.103,-0.031,0.088,-0.02,-0.067,0.084,0.02,-0.011,-0.058,-0.021,-0.03
2.26,-0.064,-0.118,-0.054,0.091,-0.005,-0.085,0.079,0.02,-0.015,-0.072,-0.026,-0.031
2.27,-0.069,-0.12,-0.051,0.095,-0.009,-0.086,0.076,0.015,-0.021,-0.075,-0.03,-0.029
2.28,-0.076,-0.12,-0.044,0.099,-0.016,-0.082,0.072,0.015,-0.027,-0.076,-0.035,-0.031
2.29,-0.076,-0.116,-0.041,0.096,-0.017,-0.078,0.069,0.014,-0.029,-0.079,-0.031,-0.03
2.3,-0.083,-0.115,-0.032,0.099,-0.025,-0.073,0.064,0.01,-0.025,-0.081,-0.03,-0.03
2.31,-0.082,-0.115,-0.033,0.098,-0.024,-0.073,0.074,0.007,-0.025,-0.076,-0.03,-0.034
2.32,-0.058,-0.109,-0.051,0.084,-0.003,-0.08,0.081,0.005,-0.025,-0.075,-0.025,-0.035
2.33,-0.041,-0.104,-0.063,0.072,0.011,-0.083,0.075,0.001,-0.025,-0.075,-0.025,-0.035
2.34,-0.042,-0.099,-0.056,0.071,0.007,-0.077,0.073,0.0,-0.025,-0.075,-0.024,-0.035
2.35,-0.039,-0.094,-0.055,0.067,0.008,-0.074,0.069,-0.005,-0.023,-0.076,-0.02,-0.035
2.36,-0.032,-0.084,-0.052,0.058,0.011,-0.068,0.063,-0.013,-0.016,-0.074,-0.021,-0.034
2.37,-0.054,-0.101,-0.047,0.077,-0.003,-0.074,0.075,-0.02,-0.018,-0.07,-0.018,-0.03
2.38,-0.053,-0.115,-0.062,0.084,0.005,-0.088,0.086,-0.023,-0.038,-0.071,-0.015,-0.031
2.39,-0.052,-0.121,-0.069,0.086,0.009,-0.095,0.077,-0.02,-0.042,-0.068,-0.015,-0.028
2.4,-0.048,-0.127,-0.079,0.088,0.016,-0.103,0.075,-0.02,-0.036,-0.065,-0.012,-0.025
2.41,-0.039,-0.138,-0.098,0.089,0.03,-0.118,0.069,-0.018,-0.036,-0.065,-0.007,-0.025
2.42,-0.059,-0.158,-0.099,0.109,0.021,-0.129,0.066,-0.014,-0.031,-0.062,-0.004,-0.021
2.43,-0.055,-0.16,-0.105,0.108,0.025,-0.132,0.061,-0.015,-0.031,-0.057,-0.001,-0.019
2.44,-0.063,-0.164,-0.101,0.114,0.019,-0.132,0.055,-0.025,-0.026,-0.054,0.004,-0.016
2.45,-0.067,-0.169,-0.103,0.118,0.018,-0.136,0.074,-0.032,-0.022,-0.051,0.005,-0.014
2.46,-0.064,-0.176,-0.112,0.12,0.024,-0.144,0.085,-0.027,-0.016,-0.046,0.005,-0.009
2.47,-0.071,-0.18,-0.109,0.125,0.019,-0.144,0.075,-0.025,-0.018,-0.046,0.005,-0.011
2.48,-0.067,-0.173,-0.106,0.121,0.019,-0.139,0.069,-0.023,-0.043,-0.047,0.005,-0.025
2.49,-0.063,-0.169,-0.106,0.116,0.022,-0.137,0.064,-0.017,-0.044,-0.044,0.004,-0.025
2.5,-0.039,-0.165,-0.126,0.103,0.044,-0.145,0.052,-0.032,-0.036,-0.041,0.006,-0.025
2.51,-0.027,-0.159,-0.132,0.093,0.053,-0.145,0.068,-0.043,-0.034,-0.04,-0.002,-0.023
2.52,-0.038,-0.158,-0.12,0.099,0.041,-0.139,0.086,-0.03,-0.025,-0.057,-0.013,-0.019
2.53,-0.035,-0.139,-0.104,0.088,0.035,-0.122,0.088,-0.024,-0.023,-0.055,0.001,-0.021
2.54,-0.028,-0.104,-0.076,0.066,0.025,-0.09,0.09,-0.014,-0.014,-0.039,0.018,-0.016
2.55,-0.038,-0.082,-0.043,0.06,0.003,-0.062,0.088,-0.017,-0.012,-0.04,0.027,-0.015
2.56,-0.05,-0.07,-0.02,0.06,-0.015,-0.045,0.093,-0.013,-0.002,-0.034,0.026,-0.015
2.57,-0.041,-0.059,-0.018,0.05,-0.011,-0.038,0.055,-0.019,-0.004,-0.032,0.019,-0.015
2.58,-0.016,-0.028,-0.012,0.023,-0.002,-0.02,0.026,-0.057,-0.027,-0.029,0.019,-0.014
2.59,-0.013,-0.006,0.007,0.009,-0.01,0.001,0.032,-0.071,-0.01,-0.01,0.012,0.002
2.6,-0.019,-0.006,0.012,0.012,-0.015,0.003,0.027,-0.074,-0.006,-0.02,0.01,0.005
2.61,-0.03,-0.049,-0.018,0.04,-0.006,-0.033,0.023,-0.072,-0.029,-0.043,0.006,-0.018
2.62,-0.048,-0.079,-0.031,0.064,-0.009,-0.055,0.028,-0.085,-0.056,-0.06,-0.006,-0.045
2.63,-0.065,-0.09,-0.025,0.078,-0.02,-0.057,0.017,-0.07,-0.059,-0.067,-0.007,-0.056
2.64,-0.071,-0.109,-0.038,0.091,-0.016,-0.074,0.025,-0.095,-0.088,-0.085,-0.033,-0.056
2.65,-0.038,-0.096,-0.058,0.067,0.01,-0.076,0.016,-0.083,-0.059,-0.063,-0.03,-0.057
2.66,-0.068,-0.123,-0.055,0.096,-0.006,-0.089,0.015,-0.09,-0.081,-0.087,-0.041,-0.067
2.67,-0.065,-0.117,-0.052,0.091,-0.006,-0.084,0.027,-0.079,-0.05,-0.065,-0.03,-0.064
2.68,-0.045,-0.107,-0.062,0.076,0.009,-0.084,0.048,-0.083,-0.06,-0.08,-0.037,-0.074
2.69,-0.093,-0.134,-0.042,0.114,-0.025,-0.088,0.129,0.005,-0.042,-0.084,-0.067,-0.091
2.7,-0.076,-0.172,-0.095,0.125,0.009,-0.133,0.305,0.461,0.121,-0.025,-0.055,-0.121
2.71,0.144,0.257,0.113,-0.2,0.015,0.185,0.2,0.372,0.386,0.367,0.357,0.251
2.72,0.58,1.077,0.497,-0.829,0.041,0.787,-0.747,-0.042,1.268,1.372,1.212,0.954
2.73,0.426,0.762,0.337,-0.595,0.044,0.549,-1.06,-0.465,0.709,0.877,0.868,0.752
2.74,0.032,-0.03,-0.062,-0.001,0.047,-0.046,-0.406,-0.513,-0.347,-0.167,0.033,0.122
2.75,0.045,-0.122,-0.167,0.039,0.106,-0.144,-0.123,-0.023,-0.012,-0.032,0.046,0.017
2.76,-0.004,-0.127,-0.123,0.066,0.059,-0.125,0.005,0.015,-0.012,-0.044,0.025,-0.001
2.77,-0.004,-0.119,-0.115,0.062,0.056,-0.117,0.056,0.032,-0.005,-0.026,0.018,-0.008
2.78,-0.005,-0.107,-0.103,0.056,0.049,-0.105,0.068,0.063,0.031,-0.009,0.025,-0.002
2.79,-0.02,-0.109,-0.09,0.065,0.035,-0.099,0.091,0.037,-0.002,-0.029,0.001,-0.012
2.8,-0.003,-0.093,-0.091,0.048,0.044,-0.092,0.072,0.06,0.055,0.004,0.025,-0.007
2.81,-0.013,-0.098,-0.085,0.056,0.036,-0.091,0.086,0.053,0.023,-0.016,0.022,-0.012
2.82,0.0,-0.083,-0.084,0.042,0.042,-0.083,0.073,0.097,0.069,0.025,0.041,-0.004
2.83,-0.005,-0.085,-0.08,0.045,0.038,-0.082,0.078,0.082,0.059,0.013,0.031,-0.005
2.84,0.005,-0.074,-0.079,0.035,0.042,-0.076,0.072,0.117,0.068,0.032,0.042,0.0
2.85,-0.002,-0.072,-0.07,0.037,0.035,-0.071,0.08,0.129,0.065,0.033,0.039,0.003
2.86,-0.006,-0.066,-0.06,0.036,0.027,-0.062,0.085,0.127,0.068,0.03,0.043,0.004
2.87,-0.008,-0.058,-0.05,0.033,0.021,-0.054,0.07,0.154,0.081,0.043,0.048,0.008
2.88,-0.006,-0.045,-0.04,0.026,0.017,-0.042,0.061,0.161,0.106,0.049,0.05,0.016
2.89,0.021,-0.009,-0.03,-0.006,0.025,-0.019,0.049,0.194,0.123,0.066,0.062,0.027
2.9,0.044,0.024,-0.02,-0.034,0.032,0.002,0.035,0.22,0.121,0.081,0.08,0.032
2.91,0.061,0.059,-0.003,-0.06,0.032,0.028,0.025,0.259,0.159,0.106,0.109,0.047
2.92,0.08,0.098,0.017,-0.089,0.031,0.057,0.0,0.309,0.186,0.134,0.136,0.072
2.93,0.113,0.148,0.035,-0.131,0.039,0.092,-0.024,0.351,0.224,0.18,0.185,0.109
2.94,0.157,0.211,0.054,-0.184,0.051,0.132,-0.054,0.404,0.276,0.234,0.24,0.153
2.95,0.202,0.276,0.074,-0.24,0.064,0.175,-0.093,0.431,0.319,0.286,0.285,0.192
2.96,0.234,0.334,0.1,-0.285,0.067,0.217,-0.111,0.479,0.368,0.348,0.334,0.238
2.97,0.243,0.365,0.122,-0.304,0.06,0.243,-0.128,0.484,0.403,0.384,0.38,0.276
2.98,0.238,0.375,0.137,-0.307,0.05,0.256,-0.132,0.422,0.425,0.405,0.411,0.287
2.99,0.232,0.362,0.13,-0.297,0.051,0.245,-0.125,0.373,0.401,0.38,0.387,0.269
3.0,0.201,0.315,0.114,-0.258,0.043,0.214,-0.092,0.287,0.34,0.318,0.325,0.234
3.01,0.125,0.225,0.1,-0.175,0.012,0.162,-0.049,0.194,0.266,0.247,0.254,0.179
3.02,0.057,0.13,0.073,-0.094,-0.008,0.101,-0.013,0.114,0.176,0.15,0.165,0.107
3.03,0.01,0.055,0.045,-0.033,-0.018,0.05,0.016,0.044,0.101,0.072,0.092,0.05
3.04,-0.023,-0.009,0.014,0.016,-0.019,0.003,0.033,0.002,0.046,0.022,0.042,0.014
3.05,-0.041,-0.067,-0.025,0.054,-0.008,-0.046,0.045,-0.042,0.005,-0.018,0.01,-0.008
3.06,-0.054,-0.107,-0.053,0.081,-0.001,-0.079,0.05,-0.066,-0.016,-0.046,-0.003,-0.02
3.07,-0.061,-0.121,-0.061,0.091,0.0,-0.091,0.053,-0.077,-0.033,-0.051,-0.011,-0.03
3.08,-0.059,-0.127,-0.068,0.093,0.005,-0.097,0.055,-0.078,-0.044,-0.05,-0.015,-0.039
3.09,-0.057,-0.125,-0.068,0.091,0.006,-0.096,0.068,-0.073,-0.048,-0.05,-0.021,-0.04
3.1,-0.079,-0.143,-0.064,0.112,-0.007,-0.104,0.069,-0.076,-0.049,-0.049,-0.027,-0.039
3.11,-0.084,-0.149,-0.066,0.117,-0.009,-0.107,0.063,-0.074,-0.045,-0.065,-0.029,-0.035
3.12,-0.072,-0.137,-0.065,0.105,-0.004,-0.101,0.061,-0.076,-0.042,-0.071,-0.025,-0.035
3.13,-0.069,-0.134,-0.065,0.102,-0.002,-0.099,0.056,-0.073,-0.04,-0.069,-0.025,-0.035
3.14,-0.06,-0.124,-0.065,0.092,0.003,-0.094,0.054,-0.07,-0.036,-0.07,-0.025,-0.035
3.15,-0.062,-0.121,-0.059,0.092,-0.001,-0.09,0.05,-0.065,-0.035,-0.07,-0.025,-0.051
3.16,-0.067,-0.121,-0.054,0.094,-0.007,-0.087,0.05,-0.063,-0.04,-0.07,-0.025,-0.057
3.17,-0.071,-0.12,-0.049,0.095,-0.011,-0.084,0.048,-0.059,-0.041,-0.066,-0.029,-0.054
3.18,-0.077,-0.121,-0.043,0.099,-0.017,-0.082,0.044,-0.054,-0.04,-0.064,-0.03,-0.056
3.19,-0.078,-0.114,-0.036,0.096,-0.021,-0.075,0.045,-0.073,-0.038,-0.06,-0.032,-0.055
3.2,-0.076,-0.117,-0.041,0.097,-0.017,-0.079,0.057,-0.082,-0.034,-0.058,-0.035,-0.055
3.21,-0.066,-0.112,-0.047,0.089,-0.009,-0.079,0.059,-0.079,-0.035,-0.053,-0.036,-0.055
3.22,-0.069,-0.113,-0.044,0.091,-0.012,-0.078,0.051,-0.081,-0.038,-0.064,-0.042,-0.055
3.23,-0.088,-0.133,-0.045,0.111,-0.021,-0.089,0.05,-0.087,-0.041,-0.071,-0.049,-0.055
3.24,-0.086,-0.13,-0.045,0.108,-0.02,-0.087,0.043,-0.094,-0.05,-0.063,-0.05,-0.055
3.25,-0.076,-0.121,-0.045,0.099,-0.015,-0.083,0.04,-0.09,-0.055,-0.086,-0.05,-0.055
3.26,-0.072,-0.117,-0.045,0.095,-0.013,-0.081,0.05,-0.09,-0.057,-0.097,-0.055,-0.057
3.27,-0.063,-0.108,-0.045,0.086,-0.009,-0.076,0.052,-0.09,-0.061,-0.094,-0.055,-0.061
3.28,-0.061,-0.106,-0.045,0.084,-0.008,-0.075,0.047,-0.09,-0.063,-0.096,-0.055,-0.06
3.29,-0.078,-0.123,-0.045,0.101,-0.016,-0.084,0.046,-0.09,-0.067,-0.095,-0.055,-0.06
3.3,-0.093,-0.137,-0.045,0.116,-0.023,-0.091,0.042,-0.092,-0.07,-0.094,-0.055,-0.06
3.31,-0.086,-0.132,-0.046,0.109,-0.02,-0.088,0.04,-0.096,-0.074,-0.091,-0.055,-0.06
3.32,-0.081,-0.13,-0.049,0.105,-0.016,-0.089,0.04,-0.094,-0.074,-0.088,-0.055,-0.065
3.33,-0.075,-0.126,-0.052,0.101,-0.011,-0.089,0.04,-0.096,-0.07,-0.085,-0.055,-0.065
3.34,-0.07,-0.124,-0.055,0.098,-0.007,-0.089,0.04,-0.094,-0.07,-0.083,-0.055,-0.065
3.35,-0.065,-0.122,-0.057,0.093,-0.003,-0.09,0.039,-0.096,-0.07,-0.078,-0.067,-0.065
3.36,-0.058,-0.119,-0.061,0.089,0.001,-0.09,0.06,-0.099,-0.07,-0.089,-0.071,-0.065
3.37,-0.063,-0.121,-0.058,0.092,-0.003,-0.089,0.073,-0.096,-0.07,-0.096,-0.066,-0.063
3.38,-0.068,-0.119,-0.051,0.094,-0.009,-0.085,0.068,-0.095,-0.065,-0.087,-0.064,-0.056
3.39,-0.075,-0.121,-0.046,0.098,-0.014,-0.083,0.072,-0.091,-0.057,-0.086,-0.061,-0.052
3.4,-0.079,-0.119,-0.04,0.099,-0.02,-0.079,0.069,-0.09,-0.049,-0.08,-0.06,-0.046
3.41,-0.071,-0.107,-0.036,0.09,-0.018,-0.071,0.071,-0.087,-0.041,-0.076,-0.055,-0.04
3.42,-0.066,-0.089,-0.023,0.078,-0.021,-0.056,0.093,-0.071,-0.033,-0.071,-0.048,-0.035
3.43,-0.064,-0.066,-0.002,0.065,-0.031,-0.034,0.102,-0.059,-0.031,-0.067,-0.045,-0.03
3.44,-0.064,-0.059,0.005,0.061,-0.035,-0.026,0.099,-0.06,-0.027,-0.062,-0.037,-0.027
3.45,-0.067,-0.054,0.013,0.06,-0.04,-0.02,0.085,-0.074,-0.025,-0.058,-0.033,-0.023
3.46,-0.069,-0.051,0.018,0.06,-0.044,-0.016,0.062,-0.076,-0.021,-0.053,-0.027,-0.02
3.47,-0.056,-0.045,0.011,0.05,-0.033,-0.017,0.056,-0.083,-0.018,-0.037,-0.02,-0.015
3.48,-0.027,-0.049,-0.022,0.038,-0.002,-0.035,0.05,-0.085,-0.035,-0.048,-0.029,-0.02
3.49,-0.036,-0.097,-0.061,0.066,0.013,-0.079,0.048,-0.077,-0.061,-0.085,-0.054,-0.043
3.5,-0.061,-0.121,-0.059,0.091,-0.001,-0.09,0.046,-0.083,-0.071,-0.091,-0.078,-0.058
3.51,-0.074,-0.135,-0.061,0.105,-0.006,-0.097,0.04,-0.064,-0.077,-0.098,-0.083,-0.065
3.52,-0.089,-0.145,-0.056,0.117,-0.016,-0.1,0.043,-0.083,-0.103,-0.121,-0.089,-0.072
3.53,-0.08,-0.134,-0.054,0.108,-0.013,-0.094,0.044,-0.049,-0.068,-0.093,-0.079,-0.067
3.54,-0.083,-0.14,-0.057,0.111,-0.012,-0.098,0.069,-0.083,-0.101,-0.12,-0.092,-0.073
3.55,-0.058,-0.126,-0.068,0.092,0.005,-0.097,0.052,-0.059,-0.059,-0.084,-0.077,-0.067
3.56,-0.056,-0.135,-0.079,0.096,0.012,-0.107,0.077,-0.09,-0.089,-0.114,-0.09,-0.072
3.57,-0.101,-0.152,-0.051,0.127,-0.025,-0.101,0.165,0.04,-0.053,-0.11,-0.117,-0.11
3.58,-0.08,-0.184,-0.104,0.132,0.012,-0.144,0.388,0.493,0.069,-0.068,-0.112,-0.139
3.59,0.227,0.323,0.096,-0.275,0.065,0.209,0.156,0.372,0.421,0.406,0.38,0.306
3.6,0.654,1.066,0.413,-0.86,0.12,0.739,-0.878,0.069,1.23,1.336,1.194,0.993
3.61,0.443,0.633,0.19,-0.538,0.126,0.412,-0.978,-0.423,0.489,0.659,0.724,0.702
3.62,0.057,-0.065,-0.122,0.004,0.09,-0.093,-0.315,-0.462,-0.345,-0.215,-0.042,0.085
3.63,0.04,-0.109,-0.148,0.034,0.094,-0.128,-0.088,0.007,-0.021,-0.025,-0.031,-0.003
3.64,0.01,-0.099,-0.109,0.045,0.06,-0.104,0.041,0.005,-0.071,-0.071,-0.066,-0.029
3.65,-0.019,-0.103,-0.083,0.061,0.032,-0.093,0.072,0.062,-0.018,-0.034,-0.052,-0.029
3.66,-0.03,-0.107,-0.078,0.069,0.024,-0.092,0.102,0.048,-0.017,-0.038,-0.053,-0.037
3.67,-0.028,-0.1,-0.072,0.064,0.022,-0.086,0.122,0.055,-0.026,-0.043,-0.061,-0.049
3.68,-0.024,-0.093,-0.069,0.059,0.022,-0.08,0.109,0.1,0.007,-0.021,-0.048,-0.035
3.69,-0.027,-0.091,-0.064,0.059,0.019,-0.077,0.12,0.083,-0.016,-0.04,-0.052,-0.038
3.7,-0.023,-0.082,-0.059,0.052,0.019,-0.07,0.111,0.112,0.017,-0.012,-0.029,-0.027
3.71,-0.025,-0.08,-0.056,0.053,0.016,-0.068,0.118,0.108,-0.003,-0.024,-0.03,-0.027
3.72,-0.018,-0.073,-0.055,0.046,0.019,-0.064,0.113,0.133,0.018,-0.003,-0.012,-0.02
3.73,-0.017,-0.071,-0.054,0.044,0.019,-0.062,0.116,0.144,0.023,-0.006,-0.011,-0.017
3.74,-0.015,-0.065,-0.05,0.04,0.018,-0.057,0.113,0.169,0.044,0.005,-0.001,-0.012
3.75,-0.009,-0.059,-0.05,0.034,0.021,-0.054,0.102,0.189,0.056,0.012,0.003,-0.007
3.76,0.016,-0.036,-0.052,0.01,0.034,-0.044,0.093,0.211,0.068,0.022,0.012,-0.004
3.77,0.034,-0.023,-0.057,-0.005,0.046,-0.039,0.082,0.251,0.097,0.058,0.033,0.012
3.78,0.058,-0.003,-0.06,-0.028,0.059,-0.031,0.074,0.292,0.115,0.07,0.051,0.029
3.79,0.084,0.024,-0.06,-0.054,0.071,-0.017,0.068,0.341,0.152,0.102,0.088,0.057
3.8,0.111,0.05,-0.061,-0.081,0.086,-0.005,0.058,0.39,0.183,0.136,0.114,0.079
3.81,0.154,0.097,-0.056,-0.125,0.105,0.02,0.036,0.441,0.222,0.176,0.157,0.11
3.82,0.177,0.139,-0.038,-0.158,0.107,0.05,-0.008,0.496,0.279,0.231,0.209,0.153
3.83,0.231,0.212,-0.019,-0.222,0.125,0.097,-0.032,0.534,0.315,0.284,0.259,0.196
3.84,0.275,0.265,-0.011,-0.27,0.143,0.126,-0.048,0.564,0.364,0.35,0.315,0.249
3.85,0.283,0.295,0.013,-0.289,0.135,0.154,-0.067,0.571,0.407,0.384,0.356,0.283
3.86,0.27,0.325,0.055,-0.298,0.108,0.189,-0.057,0.536,0.405,0.399,0.383,0.298
3.87,0.239,0.304,0.065,-0.272,0.086,0.184,-0.05,0.478,0.39,0.384,0.353,0.286
3.88,0.201,0.253,0.053,-0.227,0.074,0.153,-0.045,0.388,0.345,0.314,0.295,0.23
3.89,0.14,0.178,0.039,-0.16,0.05,0.108,-0.008,0.289,0.264,0.23,0.23,0.171
3.9,0.078,0.094,0.016,-0.086,0.031,0.055,0.031,0.209,0.187,0.153,0.142,0.11
3.91,0.042,0.027,-0.015,-0.034,0.028,0.006,0.055,0.134,0.108,0.077,0.065,0.042
3.92,0.001,-0.039,-0.04,0.019,0.021,-0.039,0.076,0.085,0.045,0.004,0.0,-0.009
3.93,-0.043,-0.091,-0.048,0.067,0.002,-0.069,0.077,0.045,0.013,-0.028,-0.031,-0.03
3.94,-0.039,-0.104,-0.066,0.072,0.014,-0.085,0.089,0.016,-0.013,-0.047,-0.05,-0.053
3.95,-0.038,-0.12,-0.081,0.079,0.021,-0.1,0.096,0.004,-0.046,-0.079,-0.074,-0.073
3.96,-0.048,-0.122,-0.073,0.085,0.012,-0.097,0.085,-0.02,-0.057,-0.086,-0.078,-0.069
3.97,-0.048,-0.117,-0.069,0.083,0.011,-0.093,0.086,-0.026,-0.057,-0.084,-0.092,-0.073
3.98,-0.05,-0.116,-0.066,0.084,0.008,-0.091,0.077,-0.022,-0.061,-0.089,-0.097,-0.076
3.99,-0.055,-0.113,-0.058,0.084,0.002,-0.085,0.076,-0.02,-0.053,-0.09,-0.094,-0.075
4.0,-0.051,-0.119,-0.068,0.085,0.009,-0.094,0.087,-0.016,-0.056,-0.089,-0.093,-0.072
4.01,-0.029,-0.12,-0.091,0.075,0.031,-0.106,0.091,-0.016,-0.062,-0.086,-0.088,-0.067
4.02,-0.03,-0.115,-0.085,0.073,0.028,-0.099,0.089,-0.009,-0.058,-0.083,-0.092,-0.065
4.03,-0.038,-0.11,-0.073,0.074,0.017,-0.091,0.09,-0.026,-0.055,-0.08,-0.09,-0.061
4.04,-0.037,-0.107,-0.07,0.072,0.017,-0.088,0.105,-0.038,-0.053,-0.078,-0.09,-0.056
4.05,-0.038,-0.101,-0.063,0.069,0.013,-0.081,0.108,-0.034,-0.049,-0.073,-0.089,-0.056
4.06,-0.044,-0.103,-0.059,0.074,0.007,-0.081,0.1,-0.036,-0.054,-0.085,-0.086,-0.06
4.07,-0.056,-0.106,-0.051,0.081,-0.002,-0.078,0.097,-0.034,-0.056,-0.097,-0.084,-0.06
4.08,-0.049,-0.105,-0.056,0.077,0.004,-0.08,0.089,-0.036,-0.057,-0.094,-0.087,-0.06
4.09,-0.044,-0.105,-0.061,0.075,0.009,-0.083,0.086,-0.034,-0.079,-0.095,-0.09,-0.06
4.1,-0.045,-0.105,-0.06,0.075,0.008,-0.082,0.085,-0.036,-0.086,-0.095,-0.09,-0.059
4.11,-0.046,-0.105,-0.059,0.076,0.007,-0.082,0.085,-0.034,-0.084,-0.094,-0.09,-0.062
4.12,-0.051,-0.105,-0.055,0.078,0.002,-0.08,0.085,-0.04,-0.085,-0.1,-0.09,-0.065
4.13,-0.049,-0.105,-0.055,0.078,0.004,-0.08,0.085,-0.058,-0.085,-0.109,-0.093,-0.069
4.14,-0.052,-0.105,-0.053,0.079,0.001,-0.079,0.085,-0.061,-0.085,-0.11,-0.096,-0.075
4.15,-0.055,-0.105,-0.049,0.08,-0.003,-0.076,0.085,-0.064,-0.08,-0.11,-0.099,-0.075
4.16,-0.055,-0.105,-0.05,0.08,-0.002,-0.077,0.085,-0.067,-0.08,-0.11,-0.102,-0.075
4.17,-0.055,-0.105,-0.05,0.08,-0.002,-0.077,0.085,-0.07,-0.08,-0.109,-0.104,-0.075
4.18,-0.05,-0.1,-0.05,0.075,0.0,-0.075,0.085,-0.07,-0.08,-0.111,-0.107,-0.075
4.19,-0.051,-0.1,-0.049,0.075,-0.001,-0.075,0.085,-0.071,-0.079,-0.115,-0.11,-0.075
4.2,-0.053,-0.099,-0.045,0.076,-0.004,-0.072,0.085,-0.069,-0.09,-0.117,-0.11,-0.071
4.21,-0.05,-0.095,-0.045,0.073,-0.002,-0.07,0.08,-0.075,-0.102,-0.12,-0.112,-0.07
4.22,-0.05,-0.095,-0.045,0.073,-0.002,-0.07,0.08,-0.091,-0.099,-0.123,-0.116,-0.07
4.23,-0.048,-0.093,-0.045,0.071,-0.001,-0.068,0.079,-0.09,-0.1,-0.125,-0.115,-0.07
4.24,-0.044,-0.089,-0.045,0.067,0.001,-0.067,0.075,-0.09,-0.1,-0.128,-0.112,-0.07
4.25,-0.048,-0.09,-0.042,0.069,-0.003,-0.066,0.075,-0.09,-0.1,-0.13,-0.109,-0.07
4.26,-0.05,-0.09,-0.04,0.07,-0.005,-0.065,0.072,-0.089,-0.104,-0.13,-0.11,-0.07
4.27,-0.05,-0.09,-0.04,0.07,-0.005,-0.065,0.07,-0.09,-0.105,-0.13,-0.11,-0.07
4.28,-0.05,-0.09,-0.04,0.07,-0.005,-0.065,0.067,-0.089,-0.105,-0.13,-0.11,-0.07
4.29,-0.045,-0.085,-0.04,0.065,-0.002,-0.062,0.064,-0.09,-0.105,-0.129,-0.11,-0.07
4.3,-0.046,-0.085,-0.039,0.066,-0.003,-0.062,0.061,-0.09,-0.105,-0.125,-0.11,-0.07
4.31,-0.047,-0.083,-0.036,0.066,-0.005,-0.059,0.06,-0.09,-0.104,-0.125,-0.11,-0.07
4.32,-0.047,-0.08,-0.033,0.064,-0.007,-0.056,0.065,-0.09,-0.099,-0.125,-0.11,-0.07
4.33,-0.049,-0.079,-0.031,0.064,-0.009,-0.055,0.065,-0.085,-0.096,-0.125,-0.11,-0.07
4.34,-0.055,-0.082,-0.027,0.069,-0.014,-0.055,0.065,-0.085,-0.093,-0.125,-0.11,-0.07
4.35,-0.06,-0.085,-0.025,0.073,-0.017,-0.055,0.067,-0.084,-0.088,-0.121,-0.107,-0.07
4.36,-0.058,-0.085,-0.026,0.072,-0.015,-0.055,0.071,-0.08,-0.085,-0.119,-0.102,-0.069
4.37,-0.05,-0.085,-0.035,0.068,-0.007,-0.06,0.072,-0.079,-0.087,-0.121,-0.099,-0.064
4.38,-0.046,-0.084,-0.039,0.065,-0.003,-0.061,0.077,-0.084,-0.082,-0.12,-0.096,-0.059
4.39,-0.051,-0.087,-0.036,0.069,-0.007,-0.061,0.079,-0.09,-0.073,-0.121,-0.092,-0.055
4.4,-0.038,-0.061,-0.022,0.05,-0.007,-0.041,0.082,-0.09,-0.065,-0.119,-0.089,-0.05
4.41,-0.041,-0.027,0.014,0.034,-0.027,-0.006,0.102,-0.089,-0.057,-0.103,-0.081,-0.046
4.42,-0.045,-0.018,0.027,0.031,-0.036,0.004,0.119,-0.091,-0.052,-0.097,-0.073,-0.041
4.43,-0.03,-0.006,0.024,0.018,-0.027,0.009,0.104,-0.088,-0.043,-0.101,-0.065,-0.04
4.44,-0.025,0.0,0.025,0.012,-0.026,0.013,0.059,-0.095,-0.042,-0.104,-0.058,-0.04
4.45,-0.003,0.022,0.025,-0.01,-0.015,0.023,0.043,-0.092,-0.029,-0.105,-0.05,-0.04
4.46,0.011,0.029,0.019,-0.02,-0.004,0.024,0.046,-0.099,-0.04,-0.112,-0.048,-0.04
4.47,0.009,-0.012,-0.02,0.002,0.015,-0.016,0.038,-0.107,-0.073,-0.108,-0.066,-0.04
4.48,-0.005,-0.047,-0.042,0.026,0.019,-0.045,0.038,-0.118,-0.091,-0.121,-0.081,-0.051
4.49,-0.026,-0.064,-0.038,0.045,0.006,-0.05,0.031,-0.118,-0.082,-0.121,-0.08,-0.059
4.5,-0.042,-0.085,-0.043,0.063,0.001,-0.063,0.029,-0.117,-0.095,-0.126,-0.095,-0.063
4.51,-0.053,-0.089,-0.035,0.071,-0.009,-0.062,0.033,-0.123,-0.101,-0.128,-0.096,-0.058
4.52,-0.056,-0.091,-0.035,0.074,-0.011,-0.063,0.048,-0.101,-0.083,-0.117,-0.091,-0.059
4.53,-0.063,-0.09,-0.026,0.077,-0.019,-0.058,0.063,-0.136,-0.112,-0.138,-0.101,-0.054
4.54,-0.063,-0.089,-0.026,0.076,-0.019,-0.057,0.045,-0.087,-0.06,-0.105,-0.085,-0.058
4.55,-0.074,-0.093,-0.019,0.083,-0.027,-0.055,0.073,-0.139,-0.128,-0.152,-0.119,-0.087
4.56,-0.089,-0.133,-0.044,0.111,-0.022,-0.088,0.193,0.169,-0.011,-0.108,-0.14,-0.137
4.57,-0.015,-0.059,-0.044,0.037,0.015,-0.051,0.372,0.457,0.1,-0.027,-0.046,-0.065
4.58,0.423,0.687,0.264,-0.555,0.08,0.475,-0.194,0.166,0.721,0.777,0.705,0.593
4.59,0.657,1.051,0.394,-0.854,0.131,0.722,-1.062,-0.138,1.219,1.323,1.167,0.976
4.6,0.252,0.311,0.059,-0.282,0.096,0.185,-0.761,-0.563,0.072,0.203,0.322,0.373
4.61,0.038,-0.118,-0.156,0.04,0.098,-0.137,-0.222,-0.336,-0.28,-0.201,-0.117,-0.012
4.62,0.043,-0.098,-0.141,0.028,0.093,-0.119,-0.084,-0.016,0.005,-0.017,-0.037,-0.01
4.63,0.001,-0.085,-0.086,0.042,0.044,-0.085,0.013,-0.076,-0.106,-0.135,-0.093,-0.051
4.64,0.005,-0.058,-0.062,0.027,0.034,-0.06,0.021,0.007,-0.006,-0.068,-0.055,-0.039
4.65,-0.008,-0.065,-0.057,0.037,0.025,-0.061,0.051,-0.028,-0.058,-0.117,-0.08,-0.044
4.66,-0.005,-0.049,-0.045,0.027,0.02,-0.046,0.054,0.004,-0.019,-0.081,-0.065,-0.038
4.67,-0.002,-0.047,-0.046,0.025,0.022,-0.046,0.054,0.006,-0.025,-0.089,-0.066,-0.041
4.68,0.004,-0.04,-0.045,0.019,0.025,-0.042,0.058,0.017,-0.019,-0.083,-0.061,-0.04
4.69,0.0,-0.045,-0.045,0.023,0.023,-0.045,0.058,0.033,-0.004,-0.07,-0.053,-0.039
4.7,0.005,-0.041,-0.045,0.019,0.025,-0.043,0.063,0.032,-0.012,-0.076,-0.054,-0.039
4.71,0.014,-0.029,-0.043,0.008,0.029,-0.036,0.056,0.052,0.009,-0.058,-0.044,-0.031
4.72,0.015,-0.025,-0.04,0.005,0.028,-0.032,0.054,0.067,0.006,-0.056,-0.044,-0.029
4.73,0.026,-0.014,-0.04,-0.006,0.033,-0.027,0.047,0.097,0.029,-0.04,-0.031,-0.023
4.74,0.029,-0.011,-0.04,-0.009,0.035,-0.025,0.044,0.113,0.033,-0.033,-0.023,-0.02
4.75,0.042,0.002,-0.04,-0.022,0.041,-0.018,0.039,0.142,0.058,-0.016,-0.008,-0.009
4.76,0.062,0.022,-0.04,-0.042,0.051,-0.009,0.029,0.164,0.076,-0.004,0.01,0.01
4.77,0.076,0.04,-0.036,-0.058,0.056,0.002,0.01,0.205,0.093,0.022,0.026,0.025
4.78,0.099,0.07,-0.029,-0.084,0.064,0.02,-0.004,0.257,0.122,0.053,0.054,0.042
4.79,0.133,0.111,-0.022,-0.122,0.078,0.044,-0.016,0.304,0.161,0.096,0.098,0.066
4.8,0.176,0.159,-0.017,-0.167,0.096,0.071,-0.047,0.354,0.217,0.146,0.143,0.1
4.81,0.214,0.207,-0.007,-0.21,0.11,0.1,-0.066,0.403,0.261,0.193,0.195,0.152
4.82,0.242,0.253,0.011,-0.247,0.115,0.132,-0.094,0.444,0.306,0.247,0.249,0.188
4.83,0.267,0.303,0.036,-0.285,0.115,0.169,-0.125,0.467,0.358,0.304,0.306,0.232
4.84,0.282,0.346,0.064,-0.314,0.109,0.205,-0.13,0.471,0.388,0.345,0.339,0.269
4.85,0.26,0.343,0.083,-0.302,0.088,0.213,-0.133,0.432,0.386,0.344,0.325,0.276
4.86,0.23,0.323,0.093,-0.276,0.068,0.208,-0.112,0.363,0.371,0.325,0.309,0.261
4.87,0.193,0.283,0.09,-0.238,0.052,0.186,-0.082,0.28,0.319,0.269,0.265,0.206
4.88,0.12,0.192,0.072,-0.156,0.024,0.131,-0.054,0.18,0.224,0.17,0.182,0.149
4.89,0.073,0.112,0.038,-0.093,0.017,0.075,-0.031,0.095,0.142,0.084,0.094,0.072
4.9,0.039,0.041,0.001,-0.04,0.019,0.021,-0.005,0.027,0.07,0.012,0.019,0.006
4.91,-0.002,-0.021,-0.019,0.012,0.009,-0.02,0.017,-0.025,0.011,-0.041,-0.025,-0.026
4.92,-0.02,-0.057,-0.037,0.039,0.009,-0.047,0.029,-0.071,-0.023,-0.079,-0.058,-0.054
4.93,-0.025,-0.075,-0.051,0.05,0.013,-0.063,0.041,-0.097,-0.049,-0.109,-0.076,-0.057
4.94,-0.02,-0.073,-0.053,0.047,0.017,-0.063,0.042,-0.106,-0.064,-0.117,-0.087,-0.065
4.95,-0.025,-0.081,-0.056,0.053,0.016,-0.068,0.036,-0.116,-0.082,-0.12,-0.093,-0.069
4.96,-0.036,-0.091,-0.055,0.064,0.009,-0.072,0.031,-0.114,-0.096,-0.13,-0.089,-0.07
4.97,-0.03,-0.085,-0.055,0.058,0.013,-0.07,0.029,-0.124,-0.095,-0.136,-0.09,-0.081
4.98,-0.025,-0.08,-0.055,0.053,0.015,-0.067,0.02,-0.13,-0.095,-0.139,-0.086,-0.08
4.99,-0.023,-0.078,-0.055,0.051,0.017,-0.066,0.028,-0.122,-0.095,-0.143,-0.084,-0.08
