-0.09,0.005,0.094,0.042,-0.092,0.049,0.024,-0.03,-0.014,-0.03,-0.06,-0.339
-0.126,-0.033,0.093,0.08,-0.109,0.029,0.019,-0.03,-0.017,-0.029,-0.058,-0.328
-0.117,-0.028,0.088,0.072,-0.102,0.03,0.013,-0.031,-0.029,-0.026,-0.052,-0.312
-0.073,0.008,0.082,0.032,-0.078,0.045,0.004,-0.028,-0.031,-0.023,-0.048,-0.3
-0.073,0.009,0.082,0.032,-0.078,0.045,-0.002,-0.044,-0.029,-0.02,-0.04,-0.294
-0.05,0.019,0.069,0.015,-0.059,0.044,-0.01,-0.064,-0.027,-0.018,-0.038,-0.294
-0.07,0.013,0.083,0.028,-0.076,0.048,-0.009,-0.069,-0.023,-0.014,-0.024,-0.291
-0.14,-0.034,0.106,0.087,-0.123,0.036,-0.015,-0.073,-0.03,-0.021,-0.044,-0.287
-0.145,-0.056,0.09,0.1,-0.117,0.017,-0.035,-0.083,-0.047,-0.045,-0.053,-0.304
-0.135,-0.056,0.079,0.095,-0.107,0.012,-0.035,-0.083,-0.043,-0.05,-0.053,-0.308
-0.129,-0.056,0.073,0.092,-0.101,0.009,-0.03,-0.089,-0.053,-0.043,-0.078,-0.325
-0.154,-0.054,0.1,0.103,-0.126,0.023,-0.03,-0.099,-0.071,-0.041,-0.073,-0.356
-0.173,-0.059,0.114,0.116,-0.143,0.027,-0.039,-0.101,-0.063,-0.034,-0.067,-0.357
-0.114,-0.014,0.101,0.064,-0.107,0.043,-0.037,-0.093,-0.053,-0.032,-0.066,-0.367
-0.086,0.037,0.123,0.024,-0.105,0.08,-0.017,-0.065,-0.034,-0.018,-0.047,-0.362
-0.097,0.042,0.139,0.027,-0.118,0.09,0.018,-0.048,0.002,0.003,-0.019,-0.346
-0.086,0.097,0.183,-0.006,-0.135,0.14,0.04,-0.048,0.025,0.022,0.002,-0.338
-0.065,0.138,0.203,-0.036,-0.134,0.17,0.024,-0.042,0.022,0.045,0.036,-0.319
-0.048,0.141,0.189,-0.047,-0.119,0.165,0.012,-0.037,0.008,0.034,0.043,-0.311
-0.065,0.129,0.194,-0.033,-0.129,0.161,0.003,-0.046,0.013,0.024,0.035,-0.306
-0.084,0.062,0.146,0.011,-0.115,0.104,-0.008,-0.073,-0.025,-0.006,0.01,-0.32
-0.091,-0.014,0.077,0.053,-0.084,0.031,-0.03,-0.088,-0.055,-0.043,-0.057,-0.363
-0.112,-0.065,0.047,0.088,-0.079,-0.009,-0.054,-0.114,-0.092,-0.079,-0.095,-0.398
-0.117,-0.105,0.012,0.11,-0.064,-0.046,-0.056,-0.132,-0.096,-0.085,-0.089,-0.402
-0.145,-0.124,0.021,0.135,-0.083,-0.051,-0.047,-0.113,-0.089,-0.072,-0.083,-0.396
-0.144,-0.12,0.024,0.132,-0.084,-0.048,-0.05,-0.134,-0.111,-0.078,-0.087,-0.406
-0.106,-0.134,-0.028,0.12,-0.039,-0.08,-0.04,-0.073,-0.049,-0.046,-0.065,-0.389
-0.131,-0.162,-0.03,0.147,-0.05,-0.096,0.05,0.045,-0.05,-0.097,-0.115,-0.435
-0.16,-0.129,0.031,0.145,-0.096,-0.049,0.334,0.415,0.153,-0.07,-0.135,-0.491
0.139,0.39,0.251,-0.265,-0.057,0.321,0.273,0.652,0.46,0.297,0.223,-0.227
0.752,1.115,0.363,-0.933,0.194,0.739,-0.189,0.157,1.168,1.113,0.965,0.351
0.554,0.984,0.43,-0.769,0.062,0.707,-0.123,-0.459,0.969,1.11,0.979,0.452
-0.075,0.273,0.348,-0.1,-0.212,0.311,-0.047,-0.671,-0.41,0.09,0.158,-0.074
-0.12,-0.117,0.003,0.118,-0.061,-0.057,-0.153,-0.327,-0.452,-0.187,-0.148,-0.345
-0.09,-0.136,-0.045,0.114,-0.022,-0.09,-0.046,-0.063,-0.159,-0.108,-0.112,-0.361
-0.131,-0.147,-0.016,0.139,-0.057,-0.081,-0.015,-0.085,-0.176,-0.132,-0.124,-0.387
-0.147,-0.181,-0.034,0.164,-0.057,-0.107,0.007,-0.058,-0.089,-0.092,-0.113,-0.394
-0.118,-0.163,-0.044,0.141,-0.037,-0.103,-0.021,-0.08,-0.13,-0.113,-0.131,-0.419
-0.101,-0.161,-0.06,0.132,-0.021,-0.11,-0.044,-0.071,-0.078,-0.086,-0.121,-0.404
-0.105,-0.133,-0.028,0.119,-0.039,-0.08,-0.043,-0.077,-0.098,-0.092,-0.127,-0.389
-0.098,-0.155,-0.057,0.127,-0.02,-0.105,-0.06,-0.068,-0.072,-0.078,-0.129,-0.378
-0.085,-0.145,-0.06,0.115,-0.012,-0.102,-0.041,-0.046,-0.059,-0.076,-0.133,-0.376
-0.094,-0.124,-0.03,0.109,-0.032,-0.077,-0.032,-0.033,-0.044,-0.068,-0.094,-0.373
-0.12,-0.142,-0.022,0.131,-0.049,-0.082,-0.02,-0.021,-0.036,-0.059,-0.087,-0.367
-0.073,-0.115,-0.042,0.094,-0.016,-0.078,-0.013,0.004,-0.015,-0.052,-0.103,-0.367
-0.093,-0.121,-0.028,0.107,-0.032,-0.074,-0.005,0.049,0.007,-0.053,-0.088,-0.358
-0.12,-0.108,0.012,0.114,-0.065,-0.048,0.002,0.064,-0.007,-0.059,-0.088,-0.366
-0.079,-0.093,-0.013,0.086,-0.033,-0.053,0.017,0.087,0.043,-0.024,-0.076,-0.361
-0.05,-0.092,-0.043,0.071,-0.003,-0.067,0.035,0.127,0.074,-0.009,-0.072,-0.333
-0.053,-0.09,-0.038,0.072,-0.008,-0.064,0.037,0.156,0.081,-0.005,-0.063,-0.326
-0.015,-0.078,-0.063,0.047,0.024,-0.07,0.041,0.172,0.098,0.016,-0.03,-0.32
0.018,-0.054,-0.072,0.018,0.046,-0.063,0.06,0.185,0.12,0.04,-0.015,-0.316
0.012,-0.021,-0.033,0.005,0.023,-0.027,0.068,0.169,0.127,0.039,-0.006,-0.302
0.022,-0.018,-0.04,-0.002,0.031,-0.028,0.063,0.15,0.124,0.043,0.02,-0.291
0.004,-0.001,-0.006,-0.001,0.005,-0.003,0.067,0.142,0.126,0.07,0.03,-0.296
0.014,0.031,0.017,-0.023,-0.001,0.024,0.063,0.123,0.125,0.071,0.046,-0.294
0.012,0.008,-0.004,-0.009,0.008,0.001,0.07,0.097,0.124,0.06,0.057,-0.299
-0.017,0.046,0.063,-0.015,-0.04,0.054,0.089,0.052,0.091,0.053,0.029,-0.3
-0.058,0.026,0.084,0.016,-0.071,0.055,0.085,0.019,0.057,0.047,0.018,-0.3
-0.073,-0.012,0.061,0.042,-0.067,0.024,0.078,0.011,0.049,0.023,0.008,-0.304
-0.057,0.02,0.076,0.018,-0.067,0.048,0.067,0.002,0.034,0.01,-0.02,-0.305
-0.072,-0.025,0.046,0.048,-0.059,0.01,0.055,-0.007,0.028,0.021,-0.03,-0.304
-0.075,-0.067,0.008,0.071,-0.041,-0.029,0.052,-0.017,0.03,0.013,-0.03,-0.308
-0.129,-0.066,0.063,0.098,-0.096,-0.002,0.047,-0.022,0.03,0.008,-0.031,-0.317
-0.131,-0.047,0.084,0.089,-0.107,0.018,0.043,-0.02,0.032,0.003,-0.029,-0.316
-0.106,-0.042,0.064,0.074,-0.085,0.011,0.039,-0.02,0.035,-0.003,-0.031,-0.312
-0.126,-0.052,0.075,0.089,-0.1,0.011,0.033,-0.02,0.035,-0.008,-0.029,-0.309
-0.116,-0.05,0.066,0.083,-0.091,0.008,0.026,-0.02,0.03,-0.004,-0.019,-0.305
-0.115,-0.041,0.074,0.078,-0.094,0.016,0.019,-0.02,0.02,0.01,-0.014,-0.302
-0.097,-0.03,0.066,0.064,-0.081,0.018,0.012,-0.02,0.01,0.01,0.002,-0.299
-0.105,-0.042,0.063,0.073,-0.084,0.011,0.006,-0.034,0.001,0.001,-0.029,-0.3
-0.115,-0.042,0.073,0.078,-0.094,0.016,0.001,-0.058,-0.011,-0.013,-0.054,-0.3
-0.076,-0.036,0.04,0.056,-0.058,0.002,-0.004,-0.061,-0.018,-0.02,-0.027,-0.299
-0.118,-0.036,0.082,0.077,-0.1,0.023,-0.007,-0.068,-0.029,-0.028,-0.03,-0.301
-0.144,-0.054,0.09,0.099,-0.117,0.018,-0.013,-0.077,-0.038,-0.037,-0.031,-0.294
-0.088,-0.058,0.03,0.073,-0.059,-0.013,-0.014,-0.068,-0.034,-0.029,-0.025,-0.293
-0.083,-0.015,0.068,0.049,-0.075,0.026,-0.01,-0.056,-0.021,-0.013,-0.027,-0.285
-0.091,0.009,0.101,0.041,-0.096,0.055,-0.005,-0.038,0.011,0.01,-0.016,-0.281
-0.069,0.062,0.131,0.004,-0.1,0.096,0.023,-0.02,0.043,0.038,0.027,-0.268
-0.046,0.121,0.167,-0.038,-0.107,0.143,0.041,-0.009,0.046,0.059,0.046,-0.219
-0.038,0.151,0.189,-0.057,-0.114,0.17,0.033,-0.002,0.055,0.068,0.052,-0.206
-0.019,0.146,0.165,-0.064,-0.092,0.155,0.028,-0.022,0.055,0.068,0.062,-0.213
-0.023,0.134,0.157,-0.055,-0.091,0.145,0.019,-0.034,0.034,0.047,0.03,-0.208
-0.053,0.081,0.134,-0.014,-0.094,0.107,-0.003,-0.053,-0.017,0.001,-0.004,-0.234
-0.086,-0.043,0.043,0.064,-0.065,0.0,-0.03,-0.085,-0.043,-0.031,-0.033,-0.278
-0.126,-0.092,0.035,0.109,-0.08,-0.028,-0.055,-0.104,-0.086,-0.079,-0.079,-0.307
-0.106,-0.135,-0.029,0.121,-0.038,-0.082,-0.07,-0.109,-0.084,-0.091,-0.084,-0.306
-0.103,-0.123,-0.02,0.113,-0.041,-0.071,-0.061,-0.094,-0.084,-0.085,-0.084,-0.301
-0.08,-0.09,-0.01,0.085,-0.035,-0.05,-0.057,-0.107,-0.087,-0.08,-0.09,-0.32
-0.092,-0.127,-0.035,0.109,-0.028,-0.08,-0.051,-0.067,-0.029,-0.044,-0.073,-0.324
-0.145,-0.152,-0.007,0.149,-0.068,-0.079,0.052,0.05,-0.041,-0.104,-0.136,-0.356
-0.127,-0.098,0.029,0.112,-0.078,-0.034,0.349,0.451,0.177,-0.067,-0.131,-0.367
0.187,0.452,0.265,-0.32,-0.039,0.358,0.256,0.647,0.495,0.34,0.284,-0.096
0.778,1.138,0.36,-0.958,0.209,0.748,-0.192,0.139,1.252,1.2,1.051,0.464
0.549,0.985,0.437,-0.768,0.055,0.711,-0.128,-0.492,0.924,1.094,0.958,0.532
-0.051,0.257,0.308,-0.104,-0.18,0.283,-0.085,-0.679,-0.484,0.024,0.109,0.001
-0.075,-0.143,-0.068,0.109,-0.003,-0.105,-0.151,-0.275,-0.413,-0.17,-0.104,-0.241
-0.064,-0.139,-0.075,0.102,0.006,-0.107,-0.045,-0.052,-0.159,-0.086,-0.076,-0.273
-0.074,-0.124,-0.05,0.099,-0.012,-0.087,-0.063,-0.087,-0.166,-0.129,-0.104,-0.324
-0.085,-0.144,-0.059,0.114,-0.013,-0.101,-0.047,-0.052,-0.086,-0.096,-0.094,-0.325
-0.095,-0.129,-0.033,0.112,-0.031,-0.081,-0.042,-0.071,-0.139,-0.117,-0.114,-0.353
-0.08,-0.134,-0.054,0.107,-0.012,-0.094,-0.043,-0.052,-0.082,-0.087,-0.093,-0.357
-0.097,-0.171,-0.074,0.135,-0.012,-0.122,-0.034,-0.056,-0.111,-0.099,-0.104,-0.351
-0.064,-0.159,-0.095,0.112,0.016,-0.127,-0.039,-0.049,-0.068,-0.078,-0.09,-0.344
-0.058,-0.14,-0.081,0.099,0.012,-0.11,-0.028,-0.032,-0.069,-0.09,-0.103,-0.337
-0.063,-0.157,-0.093,0.11,0.015,-0.125,-0.033,-0.013,-0.057,-0.089,-0.099,-0.331
-0.062,-0.128,-0.066,0.096,0.002,-0.096,-0.021,-0.002,-0.02,-0.058,-0.067,-0.326
-0.074,-0.105,-0.031,0.09,-0.022,-0.068,-0.005,0.025,-0.018,-0.063,-0.062,-0.325
-0.035,-0.1,-0.065,0.068,0.015,-0.083,0.009,0.053,-0.008,-0.054,-0.055,-0.325
-0.036,-0.098,-0.061,0.067,0.013,-0.079,0.025,0.073,0.008,-0.045,-0.052,-0.323
-0.044,-0.108,-0.064,0.076,0.01,-0.086,0.032,0.118,0.038,-0.035,-0.044,-0.3
-0.017,-0.067,-0.049,0.043,0.016,-0.058,0.041,0.141,0.051,-0.023,-0.04,-0.28
-0.016,-0.068,-0.052,0.042,0.019,-0.06,0.063,0.176,0.081,-0.012,-0.033,-0.275
0.017,-0.078,-0.095,0.031,0.057,-0.086,0.07,0.197,0.101,0.0,-0.025,-0.27
0.049,-0.027,-0.076,-0.011,0.062,-0.051,0.07,0.193,0.102,0.006,-0.016,-0.264
0.06,-0.037,-0.097,-0.011,0.079,-0.067,0.071,0.205,0.121,0.021,0.012,-0.259
0.036,-0.053,-0.089,0.009,0.063,-0.071,0.069,0.2,0.129,0.042,0.011,-0.253
0.037,-0.017,-0.053,-0.01,0.045,-0.035,0.073,0.172,0.122,0.067,0.02,-0.25
0.046,0.037,-0.01,-0.041,0.028,0.013,0.082,0.142,0.116,0.082,0.047,-0.25
0.027,0.05,0.023,-0.039,0.002,0.036,0.089,0.11,0.113,0.069,0.038,-0.247
0.05,0.033,-0.017,-0.041,0.033,0.008,0.088,0.074,0.095,0.053,0.032,-0.245
0.007,0.014,0.007,-0.011,0.0,0.011,0.082,0.039,0.056,0.037,0.017,-0.243
-0.051,-0.038,0.013,0.044,-0.032,-0.012,0.077,0.017,0.035,0.021,0.002,-0.26
-0.047,-0.076,-0.029,0.061,-0.009,-0.052,0.069,0.004,0.027,0.004,-0.007,-0.286
-0.058,-0.082,-0.023,0.07,-0.018,-0.052,0.057,-0.009,0.021,-0.018,-0.011,-0.291
-0.084,-0.08,0.005,0.082,-0.044,-0.037,0.046,-0.018,0.018,-0.027,-0.023,-0.295
-0.073,-0.08,-0.007,0.076,-0.033,-0.043,0.034,-0.015,0.014,-0.024,-0.057,-0.295
-0.059,-0.081,-0.021,0.07,-0.019,-0.051,0.03,-0.01,0.015,-0.025,-0.058,-0.294
-0.07,-0.078,-0.008,0.074,-0.031,-0.043,0.03,-0.008,0.015,-0.025,-0.049,-0.295
-0.062,-0.074,-0.011,0.068,-0.025,-0.042,0.03,-0.003,0.015,-0.025,-0.049,-0.294
-0.057,-0.064,-0.008,0.061,-0.024,-0.036,0.03,0.0,0.015,-0.026,-0.041,-0.295
-0.042,-0.061,-0.018,0.052,-0.012,-0.039,0.03,-0.004,0.016,-0.03,-0.042,-0.295
-0.079,-0.051,0.028,0.065,-0.054,-0.011,0.026,-0.016,0.01,-0.03,-0.045,-0.295
-0.068,-0.047,0.021,0.057,-0.044,-0.013,0.019,-0.023,0.002,-0.029,-0.044,-0.295
-0.021,-0.069,-0.048,0.046,0.014,-0.058,0.012,-0.033,-0.007,-0.031,-0.046,-0.295
-0.065,-0.083,-0.018,0.074,-0.023,-0.05,0.006,-0.042,-0.014,-0.029,-0.043,-0.295
-0.06,-0.066,-0.006,0.063,-0.027,-0.036,-0.001,-0.037,-0.022,-0.037,-0.048,-0.289
-0.028,-0.07,-0.042,0.05,0.007,-0.056,-0.006,-0.05,-0.039,-0.047,-0.037,-0.28
-0.048,-0.069,-0.021,0.059,-0.013,-0.045,-0.016,-0.061,-0.042,-0.05,-0.039,-0.275
-0.065,-0.011,0.055,0.038,-0.06,0.022,0.003,-0.034,-0.01,-0.022,-0.049,-0.265
-0.048,0.035,0.083,0.006,-0.065,0.059,0.049,0.002,0.03,0.009,-0.011,-0.249
-0.031,0.082,0.113,-0.026,-0.072,0.097,0.062,0.012,0.04,0.02,0.011,-0.226
0.016,0.131,0.114,-0.074,-0.049,0.122,0.048,0.025,0.065,0.062,0.039,-0.206
0.023,0.125,0.102,-0.074,-0.04,0.113,0.023,-0.003,0.049,0.062,0.05,-0.205
0.008,0.114,0.106,-0.061,-0.049,0.109,0.003,-0.049,0.024,0.048,0.041,-0.205
-0.007,0.069,0.076,-0.031,-0.042,0.072,0.007,-0.04,0.007,0.019,0.02,-0.216
-0.066,-0.055,0.011,0.06,-0.039,-0.022,-0.01,-0.069,-0.034,-0.034,-0.043,-0.257
-0.08,-0.125,-0.045,0.103,-0.017,-0.085,-0.04,-0.094,-0.073,-0.071,-0.074,-0.286
-0.085,-0.137,-0.052,0.112,-0.016,-0.094,-0.046,-0.101,-0.085,-0.095,-0.083,-0.284
-0.075,-0.17,-0.095,0.122,0.011,-0.132,-0.05,-0.083,-0.059,-0.085,-0.059,-0.293
-0.077,-0.181,-0.104,0.129,0.014,-0.142,-0.052,-0.092,-0.086,-0.106,-0.083,-0.307
-0.057,-0.166,-0.109,0.112,0.026,-0.137,-0.039,-0.07,-0.035,-0.077,-0.117,-0.29
-0.087,-0.193,-0.105,0.14,0.009,-0.149,0.012,0.018,-0.08,-0.105,-0.118,-0.303
-0.148,-0.201,-0.053,0.175,-0.047,-0.127,0.289,0.321,0.073,-0.111,-0.142,-0.348
0.072,0.192,0.12,-0.132,-0.024,0.156,0.384,0.69,0.353,0.146,0.097,-0.197
0.674,0.982,0.308,-0.828,0.183,0.645,-0.108,0.315,1.003,0.943,0.836,0.353
0.77,1.145,0.375,-0.958,0.197,0.759,-0.224,-0.388,1.236,1.301,1.125,0.667
0.118,0.424,0.306,-0.271,-0.094,0.365,-0.089,-0.69,-0.168,0.32,0.363,0.232
-0.086,-0.109,-0.023,0.097,-0.031,-0.066,-0.157,-0.407,-0.583,-0.214,-0.122,-0.161
-0.039,-0.189,-0.15,0.115,0.056,-0.169,-0.037,-0.054,-0.157,-0.121,-0.101,-0.203
-0.094,-0.191,-0.097,0.143,0.002,-0.144,-0.013,-0.054,-0.218,-0.172,-0.131,-0.242
-0.054,-0.183,-0.13,0.119,0.038,-0.157,-0.018,-0.025,-0.114,-0.125,-0.124,-0.245
-0.07,-0.183,-0.113,0.127,0.022,-0.148,-0.021,-0.04,-0.14,-0.14,-0.144,-0.263
-0.067,-0.183,-0.116,0.125,0.024,-0.149,-0.045,-0.06,-0.114,-0.12,-0.128,-0.289
-0.074,-0.167,-0.093,0.121,0.009,-0.13,-0.028,-0.046,-0.094,-0.12,-0.125,-0.271
-0.075,-0.177,-0.102,0.126,0.014,-0.139,-0.039,-0.044,-0.09,-0.12,-0.118,-0.264
-0.084,-0.192,-0.108,0.138,0.012,-0.149,-0.026,-0.027,-0.073,-0.112,-0.11,-0.258
-0.112,-0.183,-0.071,0.147,-0.02,-0.127,-0.033,-0.023,-0.083,-0.112,-0.106,-0.255
-0.096,-0.181,-0.084,0.138,-0.006,-0.132,-0.024,-0.005,-0.063,-0.084,-0.096,-0.252
-0.093,-0.17,-0.078,0.132,-0.007,-0.124,0.002,0.01,-0.034,-0.078,-0.09,-0.246
-0.074,-0.154,-0.079,0.114,0.003,-0.116,0.018,0.046,0.0,-0.068,-0.075,-0.246
-0.044,-0.143,-0.1,0.094,0.028,-0.121,0.024,0.086,0.003,-0.063,-0.103,-0.225
-0.026,-0.121,-0.095,0.074,0.035,-0.108,0.041,0.121,0.028,-0.055,-0.084,-0.198
-0.001,-0.087,-0.086,0.044,0.042,-0.087,0.052,0.156,0.042,-0.044,-0.056,-0.192
-0.007,-0.079,-0.072,0.044,0.033,-0.076,0.043,0.182,0.062,-0.036,-0.057,-0.189
0.017,-0.069,-0.086,0.026,0.052,-0.077,0.066,0.21,0.091,-0.025,-0.052,-0.183
0.01,-0.073,-0.083,0.032,0.047,-0.078,0.078,0.211,0.088,-0.009,-0.043,-0.18
0.041,-0.043,-0.084,0.001,0.063,-0.063,0.077,0.199,0.111,0.008,-0.013,-0.164
0.076,-0.028,-0.104,-0.024,0.09,-0.066,0.083,0.195,0.137,0.026,0.0,-0.142
0.061,-0.022,-0.083,-0.019,0.072,-0.052,0.069,0.184,0.135,0.045,-0.006,-0.135
0.091,0.056,-0.035,-0.073,0.063,0.01,0.079,0.172,0.142,0.062,0.015,-0.127
0.09,0.06,-0.03,-0.075,0.06,0.015,0.09,0.133,0.132,0.057,0.041,-0.122
0.069,0.034,-0.035,-0.051,0.051,0.0,0.081,0.079,0.102,0.041,0.032,-0.124
-0.015,0.008,0.022,0.003,-0.019,0.015,0.078,0.044,0.057,0.025,0.01,-0.126
-0.023,-0.031,-0.008,0.027,-0.007,-0.02,0.07,0.02,0.014,0.01,0.001,-0.124
-0.026,-0.058,-0.032,0.042,0.003,-0.045,0.067,-0.016,0.002,-0.003,-0.028,-0.128
-0.068,-0.067,0.001,0.067,-0.034,-0.033,0.054,-0.046,-0.007,-0.037,-0.054,-0.169
-0.043,-0.075,-0.031,0.059,-0.006,-0.053,0.027,-0.041,-0.018,-0.045,-0.038,-0.19
-0.047,-0.087,-0.04,0.067,-0.003,-0.064,0.02,-0.034,-0.015,-0.036,-0.057,-0.183
-0.041,-0.067,-0.026,0.054,-0.007,-0.046,0.015,-0.036,-0.01,-0.035,-0.077,-0.187
-0.045,-0.069,-0.024,0.058,-0.01,-0.047,0.014,-0.032,-0.005,-0.028,-0.071,-0.182
-0.019,-0.038,-0.019,0.029,0.0,-0.028,0.007,-0.031,-0.002,-0.026,-0.076,-0.181
-0.015,-0.016,-0.001,0.015,-0.006,-0.009,0.006,-0.025,0.005,-0.029,-0.074,-0.178
-0.058,-0.068,-0.01,0.063,-0.024,-0.039,0.015,-0.026,0.0,-0.035,-0.079,-0.188
-0.037,-0.045,-0.008,0.041,-0.014,-0.026,-0.01,-0.035,-0.027,-0.032,-0.079,-0.217
-0.059,-0.034,0.025,0.046,-0.042,-0.004,-0.025,-0.036,-0.04,-0.03,-0.082,-0.219
-0.084,-0.056,0.028,0.07,-0.056,-0.014,-0.022,-0.031,-0.041,-0.026,-0.055,-0.21
-0.05,-0.047,0.004,0.048,-0.027,-0.021,-0.027,-0.03,-0.039,-0.026,-0.049,-0.205
-0.033,-0.061,-0.029,0.047,-0.002,-0.045,-0.024,-0.053,-0.046,-0.04,-0.074,-0.197
-0.036,-0.061,-0.025,0.048,-0.005,-0.043,-0.023,-0.066,-0.055,-0.048,-0.068,-0.191
-0.069,-0.065,0.004,0.067,-0.036,-0.03,-0.031,-0.052,-0.056,-0.053,-0.071,-0.186
-0.063,-0.02,0.042,0.041,-0.052,0.011,-0.012,-0.047,-0.048,-0.054,-0.056,-0.183
-0.028,0.019,0.047,0.004,-0.038,0.033,0.023,-0.036,-0.012,-0.032,-0.016,-0.158
-0.025,0.05,0.075,-0.013,-0.05,0.062,0.051,-0.028,0.016,-0.007,0.016,-0.127
-0.01,0.133,0.143,-0.062,-0.076,0.138,0.057,-0.021,0.039,0.026,0.034,-0.099
0.001,0.145,0.144,-0.073,-0.072,0.144,0.023,-0.008,0.032,0.043,0.028,-0.088
0.024,0.134,0.11,-0.079,-0.043,0.121,0.005,-0.025,0.016,0.03,0.025,-0.092
0.024,0.092,0.068,-0.058,-0.022,0.08,0.016,-0.028,0.016,0.024,0.024,-0.087
-0.027,0.009,0.036,0.008,-0.031,0.022,-0.013,-0.067,-0.045,-0.041,-0.048,-0.105
-0.043,-0.07,-0.027,0.056,-0.007,-0.048,-0.042,-0.092,-0.084,-0.091,-0.089,-0.145
-0.093,-0.151,-0.058,0.123,-0.017,-0.104,-0.057,-0.113,-0.119,-0.106,-0.101,-0.18
-0.069,-0.133,-0.064,0.101,-0.003,-0.098,-0.084,-0.132,-0.116,-0.13,-0.134,-0.194
-0.026,-0.13,-0.104,0.078,0.039,-0.116,-0.095,-0.136,-0.146,-0.142,-0.136,-0.201
-0.075,-0.163,-0.088,0.119,0.006,-0.125,-0.09,-0.113,-0.092,-0.115,-0.113,-0.203
-0.066,-0.158,-0.092,0.112,0.014,-0.125,-0.032,-0.025,-0.082,-0.121,-0.117,-0.203
-0.109,-0.197,-0.088,0.153,-0.011,-0.142,0.189,0.191,-0.002,-0.142,-0.164,-0.248
-0.028,0.042,0.07,-0.007,-0.049,0.055,0.403,0.631,0.259,0.014,-0.036,-0.176
0.524,0.78,0.256,-0.653,0.134,0.518,0.028,0.485,0.774,0.685,0.621,0.305
0.841,1.207,0.366,-1.024,0.238,0.786,-0.269,-0.227,1.34,1.334,1.176,0.77
0.302,0.652,0.351,-0.477,-0.025,0.501,-0.122,-0.683,0.222,0.617,0.598,0.484
-0.073,0.009,0.081,0.032,-0.077,0.045,-0.175,-0.552,-0.67,-0.183,-0.078,0.002
-0.016,-0.132,-0.116,0.074,0.05,-0.124,-0.089,-0.125,-0.235,-0.129,-0.133,-0.094
-0.095,-0.176,-0.08,0.136,-0.007,-0.128,0.002,-0.039,-0.193,-0.137,-0.142,-0.119
-0.103,-0.178,-0.075,0.141,-0.014,-0.126,-0.039,-0.045,-0.14,-0.133,-0.126,-0.141
-0.091,-0.17,-0.079,0.13,-0.005,-0.124,-0.017,-0.044,-0.137,-0.142,-0.117,-0.137
-0.084,-0.189,-0.105,0.137,0.011,-0.147,-0.036,-0.061,-0.133,-0.139,-0.117,-0.133
-0.068,-0.212,-0.144,0.14,0.038,-0.177,-0.046,-0.042,-0.104,-0.121,-0.121,-0.127
-0.055,-0.188,-0.133,0.122,0.039,-0.16,-0.05,-0.046,-0.117,-0.12,-0.105,-0.125
-0.022,-0.126,-0.103,0.074,0.041,-0.114,-0.036,-0.03,-0.084,-0.097,-0.098,-0.119
-0.045,-0.152,-0.107,0.099,0.031,-0.129,-0.029,-0.03,-0.078,-0.098,-0.106,-0.103
-0.04,-0.181,-0.141,0.111,0.051,-0.161,-0.018,-0.018,-0.044,-0.084,-0.093,-0.074
-0.034,-0.138,-0.105,0.086,0.036,-0.121,-0.005,0.009,-0.049,-0.083,-0.094,-0.048
-0.013,-0.111,-0.098,0.062,0.043,-0.104,0.005,0.033,-0.037,-0.072,-0.086,-0.033
-0.007,-0.122,-0.115,0.065,0.054,-0.118,0.012,0.059,-0.033,-0.078,-0.083,-0.028
-0.01,-0.119,-0.109,0.065,0.05,-0.114,0.02,0.097,-0.005,-0.08,-0.078,-0.021
-0.002,-0.094,-0.091,0.048,0.045,-0.092,0.023,0.123,0.029,-0.064,-0.075,-0.014
-0.015,-0.088,-0.073,0.052,0.029,-0.08,0.041,0.166,0.054,-0.05,-0.065,-0.008
0.026,-0.097,-0.124,0.036,0.075,-0.11,0.077,0.204,0.083,-0.022,-0.041,-0.002
0.053,-0.071,-0.123,0.009,0.088,-0.097,0.081,0.195,0.086,-0.008,-0.027,0.005
0.034,-0.057,-0.091,0.012,0.062,-0.074,0.079,0.187,0.094,0.004,-0.015,0.013
0.043,-0.063,-0.105,0.011,0.074,-0.084,0.08,0.178,0.114,0.02,-0.005,0.018
0.083,-0.045,-0.128,-0.019,0.106,-0.087,0.08,0.168,0.126,0.039,0.006,0.037
0.076,-0.003,-0.078,-0.036,0.077,-0.041,0.079,0.146,0.124,0.058,0.02,0.059
0.062,0.036,-0.026,-0.049,0.043,0.005,0.084,0.122,0.127,0.048,0.016,0.073
0.039,0.023,-0.016,-0.031,0.027,0.004,0.089,0.101,0.107,0.035,0.005,0.076
-0.002,-0.014,-0.011,0.008,0.005,-0.012,0.08,0.06,0.06,0.026,-0.002,0.059
-0.027,-0.008,0.018,0.018,-0.023,0.005,0.074,0.023,0.029,0.009,-0.012,0.037
-0.016,-0.001,0.015,0.008,-0.016,0.007,0.066,-0.007,0.011,-0.002,-0.022,0.024
0.018,-0.044,-0.063,0.013,0.041,-0.053,0.059,-0.019,0.004,-0.019,-0.04,0.019
-0.036,-0.064,-0.028,0.05,-0.004,-0.046,0.053,-0.031,-0.002,-0.032,-0.052,0.014
-0.031,-0.084,-0.053,0.058,0.011,-0.068,0.046,-0.041,-0.009,-0.025,-0.05,0.008
-0.007,-0.039,-0.032,0.023,0.013,-0.036,0.041,-0.035,-0.016,-0.031,-0.05,0.002
-0.014,-0.013,0.001,0.014,-0.007,-0.007,0.035,-0.033,-0.019,-0.036,-0.048,0.002
0.009,-0.061,-0.07,0.026,0.04,-0.066,0.03,-0.027,-0.015,-0.029,-0.044,0.013
-0.003,-0.013,-0.009,0.008,0.003,-0.011,0.023,-0.026,-0.012,-0.026,-0.046,0.022
-0.014,-0.031,-0.017,0.022,0.002,-0.024,0.016,-0.023,-0.009,-0.021,-0.041,0.033
-0.002,-0.066,-0.064,0.035,0.031,-0.065,0.009,-0.031,-0.003,-0.016,-0.04,0.034
-0.024,-0.062,-0.038,0.043,0.007,-0.05,0.001,-0.044,-0.018,-0.017,-0.04,0.037
-0.048,-0.042,0.007,0.045,-0.027,-0.017,-0.006,-0.047,-0.04,-0.039,-0.035,0.039
-0.011,-0.019,-0.008,0.015,-0.001,-0.013,-0.012,-0.064,-0.042,-0.06,-0.035,0.042
-0.015,-0.075,-0.061,0.045,0.023,-0.068,-0.018,-0.067,-0.047,-0.06,-0.036,0.066
-0.018,-0.076,-0.058,0.048,0.02,-0.067,-0.02,-0.062,-0.049,-0.061,-0.04,0.071
-0.026,-0.076,-0.05,0.052,0.012,-0.063,-0.028,-0.073,-0.052,-0.066,-0.039,0.069
-0.027,-0.085,-0.058,0.056,0.016,-0.071,-0.028,-0.079,-0.061,-0.064,-0.048,0.071
0.016,-0.035,-0.051,0.01,0.033,-0.043,-0.028,-0.084,-0.067,-0.068,-0.048,0.069
-0.009,-0.058,-0.049,0.034,0.02,-0.053,-0.044,-0.088,-0.08,-0.069,-0.035,0.07
-0.046,-0.076,-0.03,0.061,-0.007,-0.053,-0.046,-0.093,-0.08,-0.072,-0.055,0.069
-0.067,-0.074,-0.007,0.07,-0.03,-0.04,-0.044,-0.109,-0.076,-0.085,-0.05,0.071
-0.048,-0.102,-0.054,0.075,0.003,-0.078,-0.041,-0.11,-0.074,-0.085,-0.04,0.068
-0.003,-0.051,-0.048,0.027,0.023,-0.049,-0.039,-0.104,-0.07,-0.08,-0.064,0.078
-0.02,-0.044,-0.024,0.032,0.002,-0.034,-0.04,-0.102,-0.069,-0.077,-0.066,0.088
-0.041,-0.052,-0.011,0.046,-0.014,-0.031,-0.026,-0.097,-0.055,-0.073,-0.063,0.099
-0.038,-0.002,0.036,0.02,-0.037,0.017,-0.013,-0.07,-0.042,-0.048,-0.051,0.126
-0.01,0.043,0.053,-0.017,-0.032,0.047,0.007,-0.051,-0.023,-0.022,-0.036,0.158
0.0,0.055,0.056,-0.028,-0.029,0.055,0.028,-0.057,-0.005,-0.012,-0.026,0.179
0.003,0.071,0.067,-0.037,-0.032,0.069,0.021,-0.053,-0.007,0.002,-0.014,0.179
0.025,0.115,0.09,-0.07,-0.033,0.103,0.002,-0.056,-0.022,0.006,-0.006,0.197
0.028,0.1,0.072,-0.064,-0.022,0.086,-0.012,-0.052,-0.025,0.02,0.015,0.211
0.045,0.085,0.039,-0.065,0.003,0.062,-0.022,-0.056,-0.038,0.002,0.011,0.198
-0.009,-0.002,0.008,0.005,-0.008,0.003,-0.041,-0.088,-0.057,-0.04,-0.027,0.179
-0.044,-0.091,-0.047,0.068,0.002,-0.068,-0.059,-0.101,-0.088,-0.077,-0.068,0.15
-0.019,-0.101,-0.082,0.06,0.032,-0.091,-0.065,-0.115,-0.105,-0.104,-0.084,0.133
-0.044,-0.123,-0.079,0.083,0.018,-0.101,-0.064,-0.096,-0.08,-0.09,-0.097,0.132
-0.06,-0.136,-0.076,0.098,0.008,-0.106,-0.066,-0.106,-0.117,-0.108,-0.132,0.125
-0.052,-0.12,-0.068,0.086,0.008,-0.094,-0.065,-0.09,-0.067,-0.09,-0.109,0.123
-0.081,-0.128,-0.047,0.105,-0.017,-0.087,0.003,-0.01,-0.106,-0.118,-0.125,0.111
-0.117,-0.157,-0.04,0.137,-0.038,-0.098,0.273,0.3,0.054,-0.117,-0.155,0.062
0.067,0.225,0.158,-0.146,-0.046,0.191,0.368,0.68,0.328,0.116,0.064,0.186
0.707,0.996,0.289,-0.852,0.209,0.642,-0.098,0.332,0.947,0.889,0.795,0.745
0.832,1.243,0.411,-1.037,0.21,0.827,-0.242,-0.362,1.264,1.323,1.182,1.098
0.162,0.562,0.4,-0.362,-0.119,0.481,-0.085,-0.696,-0.083,0.408,0.432,0.68
-0.054,-0.053,0.002,0.053,-0.028,-0.025,-0.158,-0.441,-0.587,-0.204,-0.107,0.252
-0.06,-0.095,-0.035,0.078,-0.013,-0.065,-0.057,-0.084,-0.187,-0.12,-0.079,0.173
-0.094,-0.102,-0.008,0.098,-0.042,-0.055,0.014,-0.066,-0.224,-0.149,-0.119,0.149
-0.06,-0.147,-0.087,0.104,0.013,-0.117,-0.005,-0.05,-0.131,-0.137,-0.122,0.145
-0.083,-0.152,-0.07,0.118,-0.006,-0.111,-0.006,-0.055,-0.154,-0.147,-0.12,0.144
-0.056,-0.142,-0.086,0.1,0.015,-0.114,-0.027,-0.051,-0.11,-0.132,-0.123,0.145
-0.071,-0.125,-0.053,0.098,-0.009,-0.089,-0.017,-0.047,-0.102,-0.127,-0.136,0.145
-0.026,-0.116,-0.09,0.071,0.032,-0.103,-0.023,-0.051,-0.097,-0.127,-0.118,0.145
-0.066,-0.126,-0.06,0.096,-0.002,-0.093,-0.017,-0.038,-0.076,-0.121,-0.096,0.144
-0.099,-0.125,-0.027,0.112,-0.036,-0.076,-0.031,-0.038,-0.079,-0.122,-0.094,0.161
-0.052,-0.126,-0.074,0.089,0.011,-0.1,-0.025,-0.029,-0.053,-0.118,-0.098,0.174
-0.041,-0.138,-0.097,0.09,0.028,-0.117,0.004,-0.007,-0.052,-0.102,-0.096,0.174
-0.027,-0.126,-0.099,0.077,0.037,-0.112,0.002,0.032,-0.025,-0.072,-0.074,0.176
-0.029,-0.116,-0.087,0.073,0.029,-0.101,0.008,0.063,-0.009,-0.067,-0.075,0.175
-0.005,-0.087,-0.083,0.047,0.039,-0.085,0.026,0.097,0.007,-0.059,-0.069,0.204
0.016,-0.072,-0.088,0.028,0.052,-0.08,0.034,0.123,0.017,-0.052,-0.067,0.226
0.025,-0.066,-0.091,0.021,0.058,-0.078,0.044,0.161,0.04,-0.046,-0.063,0.233
0.03,-0.055,-0.085,0.013,0.058,-0.07,0.063,0.197,0.067,-0.028,-0.04,0.237
0.045,-0.042,-0.087,-0.001,0.066,-0.064,0.068,0.21,0.084,-0.003,-0.033,0.241
0.068,-0.007,-0.075,-0.031,0.072,-0.04,0.064,0.211,0.088,0.006,-0.037,0.238
0.096,0.011,-0.084,-0.053,0.09,-0.036,0.065,0.21,0.095,0.018,-0.034,0.242
0.084,0.025,-0.06,-0.054,0.071,-0.018,0.084,0.205,0.121,0.046,-0.014,0.274
0.085,0.041,-0.043,-0.063,0.064,-0.001,0.09,0.173,0.123,0.075,0.041,0.291
0.104,0.069,-0.035,-0.087,0.069,0.017,0.081,0.138,0.113,0.077,0.076,0.301
0.028,0.06,0.032,-0.044,-0.002,0.046,0.079,0.092,0.108,0.054,0.052,0.302
0.029,0.036,0.007,-0.033,0.011,0.021,0.073,0.061,0.084,0.046,0.048,0.29
0.039,0.037,-0.003,-0.038,0.021,0.017,0.07,0.05,0.046,0.029,0.032,0.287
-0.007,0.001,0.008,0.003,-0.008,0.005,0.061,0.004,0.016,0.009,-0.024,0.277
0.021,0.027,0.006,-0.023,0.007,0.017,0.048,-0.025,0.004,-0.003,-0.038,0.277
0.025,0.037,0.012,-0.031,0.006,0.025,0.038,-0.034,-0.014,-0.014,-0.034,0.286
0.01,0.017,0.006,-0.014,0.002,0.011,0.034,-0.038,-0.027,-0.031,-0.036,0.281
0.022,0.032,0.01,-0.027,0.006,0.021,0.031,-0.025,-0.023,-0.044,-0.034,0.299
0.043,-0.014,-0.057,-0.014,0.051,-0.035,0.027,-0.023,-0.012,-0.033,-0.036,0.326
0.047,-0.006,-0.053,-0.02,0.05,-0.029,0.025,-0.025,0.005,-0.021,-0.035,0.324
0.034,0.035,0.001,-0.034,0.016,0.018,0.02,-0.022,0.004,-0.023,-0.032,0.325
-0.002,-0.016,-0.014,0.009,0.006,-0.014,0.012,-0.019,-0.004,-0.031,-0.029,0.32
-0.047,-0.035,0.011,0.041,-0.029,-0.012,0.006,-0.02,-0.007,-0.029,-0.03,0.32
-0.023,0.001,0.024,0.011,-0.023,0.012,-0.002,-0.019,-0.015,-0.025,-0.026,0.319
0.032,0.01,-0.021,-0.02,0.026,-0.006,-0.007,-0.025,-0.017,-0.024,-0.024,0.314
-0.01,-0.019,-0.008,0.015,-0.001,-0.013,-0.014,-0.054,-0.036,-0.018,-0.027,0.316
-0.041,-0.02,0.021,0.031,-0.031,0.0,-0.018,-0.051,-0.041,-0.026,-0.031,0.313
-0.006,-0.036,-0.03,0.021,0.013,-0.033,-0.025,-0.048,-0.039,-0.037,-0.034,0.328
-0.012,-0.042,-0.03,0.027,0.01,-0.036,-0.03,-0.071,-0.058,-0.033,-0.013,0.336
0.005,-0.009,-0.014,0.002,0.01,-0.012,-0.022,-0.069,-0.059,-0.045,-0.026,0.329
0.005,-0.028,-0.032,0.012,0.019,-0.03,-0.041,-0.092,-0.072,-0.057,-0.068,0.328
-0.027,-0.042,-0.015,0.035,-0.006,-0.028,-0.053,-0.109,-0.072,-0.054,-0.065,0.323
-0.035,-0.065,-0.03,0.05,-0.003,-0.047,-0.048,-0.102,-0.057,-0.056,-0.05,0.319
-0.027,-0.058,-0.031,0.042,0.002,-0.044,-0.051,-0.107,-0.063,-0.054,-0.047,0.324
-0.001,-0.044,-0.043,0.023,0.021,-0.043,-0.049,-0.104,-0.067,-0.056,-0.042,0.325
-0.016,-0.071,-0.055,0.044,0.02,-0.062,-0.045,-0.098,-0.068,-0.054,-0.04,0.325
-0.029,-0.052,-0.023,0.04,-0.003,-0.037,-0.038,-0.087,-0.075,-0.059,-0.051,0.325
0.008,-0.019,-0.027,0.005,0.018,-0.022,-0.034,-0.077,-0.075,-0.052,-0.063,0.324
-0.009,-0.035,-0.026,0.022,0.009,-0.03,-0.025,-0.067,-0.055,-0.034,-0.026,0.327
-0.014,0.023,0.037,-0.005,-0.025,0.03,-0.015,-0.054,-0.03,-0.018,-0.008,0.327
0.021,0.09,0.069,-0.056,-0.024,0.079,0.011,-0.042,-0.015,-0.011,-0.047,0.365
-0.004,0.054,0.058,-0.026,-0.032,0.056,0.03,-0.041,0.003,-0.02,-0.016,0.388
0.0,0.105,0.105,-0.053,-0.053,0.105,0.016,-0.028,0.013,-0.008,0.018,0.373
0.011,0.129,0.118,-0.07,-0.053,0.123,0.004,-0.051,-0.017,0.004,0.026,0.371
0.023,0.11,0.088,-0.067,-0.033,0.098,-0.014,-0.08,0.002,0.025,0.029,0.361
0.02,0.077,0.057,-0.049,-0.019,0.066,-0.022,-0.075,-0.016,0.011,-0.009,0.358
-0.019,-0.01,0.009,0.014,-0.014,0.0,-0.041,-0.103,-0.058,-0.041,-0.036,0.336
-0.026,-0.05,-0.023,0.038,-0.001,-0.036,-0.061,-0.113,-0.102,-0.084,-0.077,0.295
-0.038,-0.105,-0.067,0.072,0.015,-0.086,-0.052,-0.104,-0.112,-0.091,-0.083,0.282
-0.04,-0.1,-0.06,0.07,0.01,-0.08,-0.046,-0.105,-0.096,-0.084,-0.069,0.282
-0.028,-0.079,-0.051,0.054,0.012,-0.064,-0.038,-0.121,-0.118,-0.089,-0.065,0.271
-0.021,-0.1,-0.079,0.061,0.029,-0.089,-0.042,-0.068,-0.055,-0.069,-0.066,0.264
-0.067,-0.121,-0.054,0.094,-0.006,-0.087,0.048,0.039,-0.068,-0.112,-0.132,0.245
-0.094,-0.103,-0.009,0.098,-0.042,-0.056,0.35,0.418,0.13,-0.084,-0.14,0.209
0.204,0.361,0.157,-0.283,0.023,0.259,0.302,0.681,0.437,0.265,0.222,0.428
0.757,1.122,0.366,-0.94,0.195,0.744,-0.166,0.193,1.177,1.124,0.998,1.029
0.644,1.12,0.476,-0.883,0.084,0.798,-0.189,-0.467,1.054,1.199,1.047,1.181
0.043,0.36,0.318,-0.202,-0.138,0.339,-0.091,-0.686,-0.374,0.15,0.229,0.666
-0.025,-0.076,-0.051,0.05,0.014,-0.063,-0.134,-0.331,-0.469,-0.185,-0.104,0.362
-0.01,-0.099,-0.089,0.055,0.04,-0.094,-0.034,-0.062,-0.186,-0.095,-0.093,0.296
-0.072,-0.105,-0.033,0.089,-0.019,-0.069,-0.005,-0.075,-0.207,-0.141,-0.116,0.26
-0.038,-0.139,-0.101,0.089,0.032,-0.12,-0.005,-0.042,-0.089,-0.106,-0.097,0.272
-0.082,-0.165,-0.083,0.123,0.001,-0.123,-0.012,-0.059,-0.132,-0.122,-0.111,0.256
-0.075,-0.142,-0.067,0.109,-0.004,-0.104,-0.025,-0.044,-0.081,-0.1,-0.101,0.257
-0.071,-0.107,-0.037,0.089,-0.017,-0.072,-0.03,-0.046,-0.111,-0.102,-0.103,0.248
-0.047,-0.107,-0.06,0.077,0.007,-0.083,-0.034,-0.044,-0.079,-0.093,-0.094,0.245
-0.054,-0.133,-0.078,0.094,0.012,-0.105,-0.028,-0.029,-0.069,-0.087,-0.089,0.238
-0.075,-0.136,-0.061,0.106,-0.007,-0.098,-0.029,-0.018,-0.067,-0.082,-0.084,0.237
-0.026,-0.12,-0.094,0.074,0.034,-0.107,-0.024,-0.003,-0.054,-0.072,-0.078,0.251
-0.009,-0.09,-0.081,0.05,0.036,-0.085,-0.024,0.004,-0.045,-0.069,-0.075,0.257
-0.009,-0.074,-0.066,0.041,0.029,-0.07,-0.008,0.033,0.0,-0.06,-0.07,0.258
-0.004,-0.075,-0.071,0.04,0.033,-0.073,0.006,0.065,-0.003,-0.056,-0.066,0.254
0.019,-0.053,-0.072,0.017,0.045,-0.062,0.014,0.104,0.013,-0.047,-0.057,0.256
0.018,-0.023,-0.041,0.003,0.03,-0.032,0.025,0.131,0.034,-0.041,-0.049,0.251
0.033,-0.025,-0.058,-0.004,0.045,-0.041,0.036,0.161,0.057,-0.034,-0.041,0.25
0.087,-0.009,-0.096,-0.039,0.092,-0.052,0.047,0.202,0.098,-0.019,-0.034,0.25
0.086,0.002,-0.084,-0.043,0.085,-0.041,0.043,0.193,0.114,-0.001,-0.021,0.251
0.113,0.025,-0.088,-0.069,0.1,-0.031,0.037,0.176,0.106,0.013,-0.006,0.25
0.163,0.081,-0.083,-0.121,0.123,-0.001,0.066,0.191,0.121,0.029,0.005,0.244
0.155,0.07,-0.086,-0.112,0.12,-0.008,0.088,0.183,0.137,0.06,0.015,0.262
0.136,0.087,-0.048,-0.111,0.092,0.019,0.084,0.152,0.135,0.077,0.044,0.272
0.132,0.109,-0.023,-0.12,0.077,0.043,0.086,0.123,0.125,0.075,0.056,0.262
0.089,0.081,-0.008,-0.085,0.049,0.036,0.085,0.089,0.096,0.068,0.045,0.255
0.043,0.051,0.008,-0.047,0.017,0.029,0.085,0.057,0.073,0.064,0.039,0.246
0.058,0.037,-0.021,-0.047,0.039,0.008,0.079,0.028,0.046,0.052,0.027,0.239
0.041,0.062,0.021,-0.051,0.01,0.041,0.063,0.002,0.005,0.019,0.009,0.232
0.028,0.033,0.005,-0.031,0.011,0.019,0.05,-0.016,-0.006,0.004,-0.019,0.222
0.039,0.019,-0.019,-0.029,0.029,0.0,0.044,-0.028,-0.007,-0.005,-0.032,0.213
0.016,0.011,-0.005,-0.014,0.01,0.003,0.038,-0.018,-0.011,-0.018,-0.029,0.202
-0.018,-0.002,0.015,0.01,-0.017,0.006,0.036,-0.004,-0.005,-0.015,-0.031,0.195
-0.007,0.03,0.036,-0.012,-0.021,0.033,0.028,-0.014,0.0,-0.012,-0.029,0.195
0.013,0.007,-0.007,-0.01,0.01,0.0,0.028,-0.022,0.006,-0.008,-0.031,0.193
-0.029,-0.003,0.026,0.016,-0.027,0.011,0.016,-0.019,0.01,-0.004,-0.027,0.19
-0.033,0.004,0.038,0.015,-0.036,0.021,0.011,-0.024,0.018,-0.002,-0.023,0.189
0.003,0.022,0.019,-0.012,-0.008,0.02,0.031,-0.036,0.017,0.009,-0.005,0.199
0.002,0.008,0.005,-0.005,-0.001,0.006,0.014,-0.018,-0.003,-0.007,-0.023,0.206
0.026,-0.001,-0.027,-0.012,0.026,-0.014,0.003,-0.029,-0.027,-0.029,-0.027,0.205
0.062,0.051,-0.011,-0.056,0.036,0.02,-0.006,-0.068,-0.048,-0.035,-0.004,0.203
0.013,0.045,0.032,-0.029,-0.01,0.038,-0.009,-0.057,-0.051,-0.027,-0.056,0.199
0.004,0.025,0.022,-0.015,-0.009,0.023,-0.022,-0.07,-0.049,-0.045,-0.052,0.2
0.008,0.017,0.009,-0.013,-0.001,0.012,-0.043,-0.079,-0.05,-0.069,-0.026,0.195
-0.01,0.009,0.02,0.0,-0.015,0.014,-0.03,-0.09,-0.056,-0.063,-0.044,0.184
0.011,-0.007,-0.018,-0.002,0.015,-0.012,-0.025,-0.11,-0.06,-0.066,-0.043,0.178
-0.012,-0.014,-0.001,0.013,-0.005,-0.008,-0.046,-0.098,-0.051,-0.065,-0.037,0.167
-0.014,-0.023,-0.009,0.019,-0.002,-0.016,-0.064,-0.099,-0.053,-0.065,-0.038,0.159
-0.019,-0.016,0.002,0.017,-0.01,-0.007,-0.056,-0.093,-0.069,-0.062,-0.053,0.151
-0.042,-0.035,0.006,0.038,-0.024,-0.015,-0.055,-0.09,-0.068,-0.057,-0.057,0.138
-0.04,-0.059,-0.019,0.05,-0.01,-0.038,-0.052,-0.094,-0.06,-0.054,-0.053,0.148
-0.056,-0.031,0.025,0.043,-0.04,-0.003,-0.05,-0.095,-0.06,-0.051,-0.052,0.16
-0.045,-0.042,0.003,0.043,-0.024,-0.019,-0.047,-0.095,-0.049,-0.046,-0.05,0.145
-0.019,-0.032,-0.013,0.026,-0.003,-0.023,-0.042,-0.094,-0.061,-0.048,-0.047,0.144
-0.022,-0.042,-0.021,0.032,0.0,-0.031,-0.065,-0.101,-0.081,-0.069,-0.067,0.178
-0.011,-0.01,0.001,0.011,-0.006,-0.004,-0.053,-0.081,-0.065,-0.059,-0.056,0.179
0.011,0.052,0.041,-0.032,-0.015,0.046,-0.022,-0.059,-0.033,-0.026,-0.011,0.176
-0.002,0.055,0.057,-0.027,-0.03,0.056,-0.019,-0.061,-0.02,-0.022,-0.012,0.201
-0.001,0.092,0.093,-0.046,-0.047,0.092,-0.01,-0.06,-0.017,-0.008,-0.002,0.203
-0.001,0.11,0.111,-0.054,-0.057,0.11,-0.006,-0.059,-0.007,0.025,0.03,0.222
0.01,0.095,0.085,-0.053,-0.038,0.089,-0.015,-0.062,-0.003,0.05,0.047,0.232
0.045,0.085,0.04,-0.065,0.002,0.063,-0.024,-0.057,0.014,0.049,0.067,0.22
0.045,0.089,0.044,-0.067,0.0,0.066,-0.05,-0.082,-0.027,-0.024,0.042,0.218
0.013,-0.01,-0.023,-0.001,0.018,-0.017,-0.064,-0.096,-0.061,-0.069,0.007,0.211
-0.01,-0.101,-0.091,0.056,0.041,-0.095,-0.053,-0.102,-0.085,-0.074,-0.03,0.205
0.001,-0.085,-0.086,0.043,0.044,-0.086,-0.057,-0.121,-0.065,-0.068,-0.063,0.198
-0.041,-0.129,-0.088,0.085,0.024,-0.109,-0.046,-0.108,-0.068,-0.071,-0.071,0.187
-0.053,-0.152,-0.099,0.103,0.023,-0.125,-0.048,-0.114,-0.065,-0.072,-0.071,0.183
-0.032,-0.123,-0.092,0.078,0.03,-0.107,-0.042,-0.062,-0.039,-0.063,-0.064,0.169
-0.061,-0.171,-0.111,0.116,0.025,-0.14,0.087,0.089,-0.048,-0.106,-0.1,0.143
-0.065,-0.075,-0.01,0.07,-0.028,-0.042,0.372,0.5,0.185,-0.052,-0.091,0.133
0.309,0.5,0.191,-0.405,0.059,0.345,0.226,0.643,0.523,0.388,0.339,0.438
0.889,1.209,0.32,-1.049,0.284,0.764,-0.239,0.062,1.295,1.256,1.115,1.039
0.574,1.044,0.47,-0.81,0.052,0.757,-0.122,-0.554,0.861,1.072,0.973,1.03
-0.006,0.224,0.23,-0.109,-0.118,0.227,-0.072,-0.664,-0.515,0.028,0.149,0.489
-0.006,-0.096,-0.09,0.051,0.042,-0.093,-0.145,-0.256,-0.387,-0.168,-0.102,0.272
-0.024,-0.113,-0.089,0.069,0.033,-0.101,-0.006,-0.045,-0.166,-0.107,-0.108,0.246
-0.059,-0.133,-0.074,0.096,0.008,-0.103,-0.033,-0.078,-0.181,-0.127,-0.108,0.182
-0.046,-0.133,-0.087,0.09,0.021,-0.11,-0.024,-0.045,-0.105,-0.104,-0.09,0.173
-0.025,-0.163,-0.138,0.094,0.056,-0.15,-0.027,-0.061,-0.141,-0.12,-0.095,0.19
-0.024,-0.143,-0.119,0.084,0.047,-0.131,-0.029,-0.044,-0.087,-0.099,-0.078,0.191
-0.034,-0.153,-0.119,0.094,0.042,-0.136,-0.017,-0.043,-0.108,-0.108,-0.079,0.189
-0.044,-0.144,-0.101,0.094,0.029,-0.122,-0.025,-0.033,-0.078,-0.092,-0.067,0.191
-0.063,-0.144,-0.081,0.104,0.009,-0.112,-0.012,-0.022,-0.081,-0.089,-0.064,0.189
-0.024,-0.147,-0.123,0.086,0.05,-0.135,-0.019,-0.014,-0.069,-0.077,-0.054,0.192
-0.048,-0.141,-0.093,0.095,0.023,-0.117,-0.008,0.003,-0.053,-0.067,-0.07,0.196
-0.082,-0.151,-0.068,0.116,-0.006,-0.109,-0.002,0.013,-0.045,-0.063,-0.074,0.194
-0.026,-0.127,-0.101,0.077,0.038,-0.114,0.008,0.053,-0.021,-0.057,-0.054,0.196
-0.015,-0.099,-0.084,0.057,0.035,-0.091,0.016,0.079,0.001,-0.054,-0.046,0.194
-0.017,-0.092,-0.075,0.055,0.029,-0.083,0.026,0.109,0.038,-0.048,-0.024,0.197
0.01,-0.09,-0.099,0.04,0.055,-0.094,0.053,0.161,0.06,-0.045,-0.027,0.217
0.006,-0.08,-0.086,0.038,0.046,-0.083,0.058,0.183,0.069,-0.024,-0.027,0.22
0.042,-0.075,-0.116,0.017,0.079,-0.095,0.06,0.208,0.092,0.01,0.008,0.213
0.056,-0.076,-0.133,0.01,0.095,-0.104,0.073,0.228,0.121,0.033,0.016,0.214
0.059,-0.058,-0.117,0.0,0.088,-0.087,0.076,0.221,0.133,0.038,0.022,0.207
0.081,-0.035,-0.117,-0.023,0.099,-0.076,0.074,0.209,0.133,0.054,0.041,0.222
0.094,-0.016,-0.11,-0.039,0.102,-0.063,0.071,0.184,0.124,0.071,0.044,0.263
0.11,0.022,-0.088,-0.066,0.098,-0.033,0.069,0.149,0.111,0.08,0.059,0.274
0.119,0.056,-0.063,-0.087,0.091,-0.003,0.07,0.112,0.101,0.082,0.068,0.265
0.101,0.037,-0.064,-0.069,0.082,-0.013,0.087,0.079,0.084,0.062,0.058,0.26
0.084,0.017,-0.067,-0.05,0.075,-0.025,0.088,0.045,0.062,0.044,0.043,0.252
0.019,-0.018,-0.038,0.0,0.029,-0.028,0.07,0.015,0.044,0.022,0.018,0.246
-0.012,-0.043,-0.031,0.028,0.01,-0.037,0.061,0.0,0.017,0.004,0.004,0.236
0.031,-0.058,-0.089,0.013,0.061,-0.073,0.054,-0.001,-0.003,-0.007,0.001,0.224
-0.037,-0.085,-0.048,0.061,0.006,-0.066,0.047,-0.022,-0.014,-0.024,-0.02,0.213
-0.068,-0.076,-0.007,0.072,-0.03,-0.041,0.041,-0.03,-0.027,-0.031,-0.03,0.202
-0.015,-0.084,-0.069,0.05,0.028,-0.076,0.034,-0.008,-0.025,-0.03,-0.022,0.205
0.012,-0.062,-0.073,0.025,0.043,-0.067,0.026,-0.013,-0.024,-0.029,-0.014,0.212
0.003,-0.045,-0.048,0.021,0.026,-0.046,0.019,-0.012,-0.021,-0.026,-0.005,0.206
-0.002,-0.045,-0.043,0.024,0.02,-0.043,0.012,-0.01,-0.018,-0.024,-0.018,0.205
0.01,-0.032,-0.042,0.011,0.026,-0.037,0.004,-0.01,-0.022,-0.027,-0.028,0.201
-0.021,-0.05,-0.029,0.035,0.004,-0.039,-0.003,-0.012,-0.016,-0.029,-0.02,0.199
-0.016,-0.054,-0.039,0.035,0.012,-0.046,0.007,-0.034,-0.027,-0.031,-0.02,0.215
-0.023,-0.07,-0.047,0.047,0.013,-0.059,0.011,-0.033,-0.047,-0.034,-0.015,0.216
-0.037,-0.076,-0.039,0.057,0.001,-0.058,0.006,-0.039,-0.044,-0.035,-0.014,0.205
-0.007,-0.059,-0.051,0.033,0.022,-0.055,0.004,-0.058,-0.048,-0.039,-0.011,0.201
-0.018,-0.079,-0.061,0.049,0.022,-0.07,0.001,-0.06,-0.051,-0.04,-0.008,0.196
-0.027,-0.107,-0.081,0.067,0.027,-0.094,0.0,-0.066,-0.05,-0.043,-0.012,0.193
-0.03,-0.098,-0.068,0.064,0.019,-0.083,-0.027,-0.074,-0.055,-0.044,-0.006,0.189
-0.024,-0.066,-0.042,0.045,0.009,-0.053,-0.044,-0.081,-0.056,-0.048,-0.021,0.186
-0.015,-0.068,-0.053,0.042,0.019,-0.061,-0.037,-0.079,-0.054,-0.049,-0.042,0.182
-0.047,-0.105,-0.058,0.076,0.006,-0.081,-0.039,-0.081,-0.056,-0.047,-0.043,0.18
-0.036,-0.105,-0.069,0.071,0.017,-0.087,-0.033,-0.079,-0.053,-0.037,-0.027,0.176
-0.037,-0.107,-0.07,0.072,0.017,-0.088,-0.037,-0.081,-0.058,-0.039,-0.036,0.174
-0.061,-0.11,-0.049,0.086,-0.006,-0.08,-0.06,-0.103,-0.082,-0.072,-0.07,0.17
-0.042,-0.111,-0.069,0.077,0.013,-0.089,-0.059,-0.103,-0.081,-0.072,-0.059,0.17
-0.057,-0.109,-0.052,0.084,-0.003,-0.08,-0.047,-0.096,-0.072,-0.064,-0.034,0.174
-0.054,-0.111,-0.058,0.083,0.002,-0.084,-0.042,-0.094,-0.067,-0.059,-0.039,0.175
-0.009,-0.092,-0.083,0.051,0.037,-0.087,-0.033,-0.07,-0.058,-0.043,-0.049,0.175
-0.032,-0.043,-0.011,0.038,-0.01,-0.027,-0.019,-0.047,-0.044,-0.023,-0.019,0.173
-0.033,-0.023,0.009,0.028,-0.021,-0.007,0.008,-0.031,-0.024,-0.005,0.008,0.18
-0.011,-0.005,0.006,0.008,-0.009,0.001,0.024,-0.036,-0.024,-0.007,0.016,0.183
-0.023,0.002,0.025,0.011,-0.024,0.013,0.004,-0.042,-0.012,0.0,0.03,0.191
0.007,0.062,0.055,-0.035,-0.024,0.058,-0.021,-0.047,-0.017,0.001,0.036,0.192
0.02,0.062,0.042,-0.041,-0.012,0.052,-0.021,-0.045,-0.003,0.01,0.038,0.205
0.04,0.025,-0.015,-0.032,0.027,0.005,-0.027,-0.042,-0.01,0.006,0.021,0.211
-0.003,-0.033,-0.03,0.018,0.013,-0.031,-0.039,-0.081,-0.055,-0.014,-0.003,0.167
-0.042,-0.151,-0.108,0.097,0.034,-0.13,-0.05,-0.105,-0.087,-0.055,-0.045,0.14
0.008,-0.122,-0.13,0.057,0.07,-0.126,-0.077,-0.131,-0.125,-0.104,-0.086,0.128
-0.016,-0.139,-0.123,0.078,0.054,-0.13,-0.073,-0.12,-0.096,-0.09,-0.076,0.12
-0.073,-0.198,-0.124,0.136,0.026,-0.161,-0.066,-0.109,-0.121,-0.102,-0.08,0.11
-0.074,-0.167,-0.093,0.121,0.01,-0.13,-0.057,-0.07,-0.061,-0.076,-0.061,0.107
-0.058,-0.176,-0.118,0.118,0.03,-0.147,-0.002,0.003,-0.089,-0.099,-0.074,0.088
-0.128,-0.195,-0.067,0.161,-0.03,-0.13,0.258,0.279,0.036,-0.115,-0.123,0.053
0.019,0.11,0.091,-0.065,-0.036,0.101,0.378,0.687,0.307,0.09,0.072,0.181
0.677,0.897,0.22,-0.787,0.229,0.558,-0.07,0.368,0.92,0.86,0.81,0.723
0.842,1.242,0.4,-1.042,0.221,0.821,-0.275,-0.353,1.316,1.372,1.244,1.111
0.194,0.565,0.371,-0.379,-0.089,0.467,-0.154,-0.703,-0.003,0.476,0.512,0.699
-0.065,-0.041,0.024,0.053,-0.044,-0.009,-0.17,-0.465,-0.606,-0.191,-0.071,0.248
-0.025,-0.108,-0.083,0.067,0.029,-0.095,-0.059,-0.082,-0.202,-0.139,-0.066,0.159
-0.071,-0.167,-0.096,0.12,0.013,-0.132,-0.001,-0.051,-0.21,-0.174,-0.092,0.123
-0.037,-0.177,-0.141,0.107,0.052,-0.159,-0.034,-0.042,-0.111,-0.131,-0.063,0.1
-0.045,-0.155,-0.11,0.1,0.033,-0.133,-0.032,-0.048,-0.157,-0.138,-0.084,0.073
-0.06,-0.184,-0.123,0.122,0.032,-0.153,-0.042,-0.062,-0.121,-0.124,-0.102,0.07
-0.062,-0.182,-0.12,0.123,0.029,-0.151,-0.038,-0.046,-0.105,-0.124,-0.095,0.062
-0.053,-0.155,-0.101,0.104,0.024,-0.128,-0.046,-0.048,-0.108,-0.125,-0.095,0.057
-0.065,-0.157,-0.092,0.111,0.014,-0.124,-0.045,-0.033,-0.081,-0.104,-0.083,0.047
-0.032,-0.147,-0.114,0.089,0.042,-0.13,-0.034,-0.026,-0.097,-0.103,-0.081,0.054
0.002,-0.116,-0.118,0.057,0.06,-0.117,-0.02,-0.012,-0.075,-0.09,-0.071,0.087
-0.033,-0.132,-0.1,0.083,0.034,-0.116,-0.006,0.011,-0.063,-0.088,-0.068,0.084
-0.028,-0.125,-0.097,0.076,0.035,-0.111,-0.004,0.049,-0.031,-0.078,-0.063,0.086
-0.025,-0.115,-0.09,0.07,0.032,-0.102,-0.002,0.076,-0.027,-0.072,-0.059,0.091
-0.025,-0.102,-0.077,0.064,0.026,-0.089,0.006,0.096,-0.014,-0.059,-0.055,0.089
-0.008,-0.104,-0.096,0.057,0.044,-0.1,0.035,0.14,0.02,-0.046,-0.046,0.097
0.018,-0.101,-0.119,0.041,0.069,-0.11,0.07,0.186,0.048,-0.039,-0.034,0.1
0.039,-0.067,-0.106,0.014,0.073,-0.086,0.076,0.207,0.079,-0.025,-0.021,0.093
0.021,-0.061,-0.082,0.02,0.051,-0.071,0.074,0.233,0.098,-0.011,-0.005,0.089
0.061,-0.051,-0.112,-0.005,0.086,-0.081,0.076,0.243,0.107,0.02,0.03,0.085
0.117,-0.016,-0.133,-0.05,0.125,-0.074,0.074,0.227,0.117,0.055,0.062,0.079
0.102,-0.015,-0.116,-0.043,0.109,-0.065,0.076,0.206,0.11,0.065,0.057,0.101
0.103,0.009,-0.094,-0.056,0.098,-0.042,0.076,0.175,0.101,0.069,0.053,0.115
0.087,0.041,-0.046,-0.063,0.066,-0.003,0.072,0.141,0.093,0.06,0.049,0.101
0.043,0.005,-0.038,-0.024,0.04,-0.016,0.071,0.101,0.083,0.041,0.043,0.095
0.018,0.018,0.0,-0.018,0.009,0.008,0.065,0.057,0.055,0.028,0.042,0.085
0.013,0.006,-0.007,-0.01,0.01,0.0,0.067,0.014,0.026,0.018,0.025,0.076
0.042,-0.026,-0.068,-0.008,0.055,-0.047,0.053,-0.021,0.011,0.012,0.027,0.068
0.014,-0.043,-0.057,0.014,0.036,-0.05,0.035,-0.032,-0.005,-0.001,0.026,0.061
0.001,-0.061,-0.062,0.03,0.032,-0.062,0.04,-0.03,-0.018,-0.009,0.013,0.054
0.016,-0.059,-0.074,0.022,0.046,-0.066,0.024,-0.025,-0.034,-0.029,-0.006,0.046
-0.028,-0.081,-0.053,0.055,0.013,-0.067,0.013,-0.02,-0.042,-0.056,-0.015,0.039
-0.04,-0.072,-0.032,0.056,-0.004,-0.052,0.012,-0.017,-0.039,-0.051,-0.015,0.033
-0.024,-0.066,-0.042,0.045,0.01,-0.054,0.007,-0.01,-0.039,-0.046,-0.041,0.029
-0.026,-0.058,-0.033,0.042,0.004,-0.045,0.004,-0.017,-0.034,-0.043,-0.04,0.027
-0.045,-0.054,-0.009,0.05,-0.018,-0.031,0.0,-0.034,-0.035,-0.037,-0.026,0.024
-0.036,-0.043,-0.008,0.04,-0.014,-0.025,-0.005,-0.037,-0.034,-0.036,-0.023,0.021
-0.025,-0.045,-0.019,0.035,-0.003,-0.032,-0.015,-0.032,-0.024,-0.042,-0.013,0.02
-0.035,-0.061,-0.026,0.049,-0.005,-0.043,-0.026,-0.047,-0.04,-0.05,-0.01,0.015
-0.029,-0.04,-0.012,0.035,-0.008,-0.026,-0.034,-0.063,-0.056,-0.045,-0.007,0.011
-0.018,-0.07,-0.052,0.044,0.017,-0.061,-0.036,-0.058,-0.055,-0.043,0.015,0.005
-0.012,-0.083,-0.071,0.048,0.03,-0.077,-0.034,-0.045,-0.047,-0.034,0.002,0.012
-0.011,-0.074,-0.063,0.043,0.026,-0.068,-0.035,-0.058,-0.058,-0.045,-0.027,0.027
0.009,-0.064,-0.072,0.027,0.041,-0.068,-0.039,-0.09,-0.085,-0.072,-0.021,0.023
0.024,-0.046,-0.07,0.012,0.047,-0.058,-0.044,-0.093,-0.085,-0.07,-0.031,0.02
-0.035,-0.092,-0.057,0.064,0.011,-0.074,-0.038,-0.095,-0.085,-0.068,-0.041,0.017
-0.059,-0.112,-0.052,0.086,-0.003,-0.082,-0.029,-0.1,-0.085,-0.065,-0.033,0.012
-0.026,-0.116,-0.09,0.071,0.032,-0.102,-0.054,-0.102,-0.087,-0.064,-0.028,0.009
-0.03,-0.117,-0.088,0.074,0.03,-0.102,-0.068,-0.107,-0.091,-0.068,-0.029,0.006
-0.012,-0.101,-0.089,0.057,0.039,-0.095,-0.064,-0.104,-0.093,-0.073,-0.014,0.003
-0.077,-0.147,-0.07,0.112,-0.003,-0.108,-0.069,-0.106,-0.096,-0.082,-0.037,0.0
-0.067,-0.133,-0.066,0.1,0.0,-0.099,-0.069,-0.098,-0.089,-0.084,-0.051,-0.003
-0.002,-0.127,-0.125,0.065,0.062,-0.126,-0.071,-0.093,-0.092,-0.097,-0.046,-0.005
-0.058,-0.152,-0.094,0.105,0.018,-0.123,-0.039,-0.083,-0.077,-0.078,-0.035,-0.003
-0.051,-0.069,-0.018,0.06,-0.016,-0.043,-0.008,-0.046,-0.045,-0.039,0.029,0.007
-0.029,0.005,0.033,0.012,-0.031,0.019,0.001,-0.039,-0.042,-0.035,0.031,0.012
-0.004,0.042,0.046,-0.019,-0.025,0.044,0.009,-0.045,-0.031,-0.02,0.027,0.02
-0.014,0.048,0.061,-0.017,-0.038,0.054,-0.004,-0.037,-0.023,-0.012,0.026,0.037
0.003,0.051,0.048,-0.027,-0.023,0.05,-0.012,-0.043,-0.02,0.006,0.025,0.051
0.101,0.074,-0.027,-0.088,0.064,0.023,-0.024,-0.037,-0.002,0.024,0.049,0.062
0.025,-0.019,-0.044,-0.003,0.035,-0.032,-0.057,-0.079,-0.043,-0.017,0.004,0.031
-0.042,-0.132,-0.09,0.087,0.024,-0.111,-0.061,-0.111,-0.07,-0.049,-0.03,-0.006
-0.031,-0.141,-0.11,0.086,0.04,-0.125,-0.058,-0.107,-0.108,-0.077,-0.042,-0.035
-0.081,-0.175,-0.094,0.128,0.007,-0.134,-0.064,-0.117,-0.089,-0.082,-0.063,-0.047
-0.089,-0.18,-0.091,0.135,0.001,-0.135,-0.061,-0.12,-0.098,-0.105,-0.097,-0.043
-0.078,-0.152,-0.074,0.115,-0.001,-0.113,-0.074,-0.13,-0.089,-0.11,-0.092,-0.048
-0.063,-0.162,-0.099,0.113,0.018,-0.13,-0.059,-0.052,-0.071,-0.093,-0.06,-0.04
-0.108,-0.194,-0.086,0.151,-0.011,-0.14,0.099,0.093,-0.079,-0.145,-0.122,-0.099
-0.112,-0.092,0.02,0.102,-0.066,-0.036,0.382,0.521,0.174,-0.064,-0.089,-0.101
0.333,0.49,0.157,-0.412,0.088,0.324,0.175,0.624,0.539,0.427,0.406,0.274
0.899,1.193,0.294,-1.046,0.302,0.744,-0.272,-0.034,1.291,1.265,1.156,0.867
0.525,0.971,0.446,-0.748,0.039,0.709,-0.202,-0.616,0.737,1.012,0.951,0.836
-0.04,0.164,0.204,-0.062,-0.122,0.183,-0.148,-0.652,-0.568,-0.008,0.124,0.279
-0.019,-0.138,-0.119,0.079,0.05,-0.128,-0.138,-0.229,-0.36,-0.148,-0.062,0.076
-0.055,-0.167,-0.112,0.111,0.029,-0.139,-0.03,-0.027,-0.173,-0.106,-0.07,0.052
-0.068,-0.173,-0.105,0.121,0.018,-0.138,-0.032,-0.048,-0.174,-0.15,-0.109,-0.001
-0.052,-0.181,-0.129,0.117,0.039,-0.155,-0.021,-0.025,-0.114,-0.111,-0.082,-0.011
-0.054,-0.2,-0.147,0.127,0.046,-0.173,-0.025,-0.041,-0.15,-0.123,-0.091,-0.043
-0.039,-0.142,-0.103,0.091,0.032,-0.123,-0.032,-0.038,-0.099,-0.102,-0.072,-0.053
-0.07,-0.197,-0.127,0.134,0.029,-0.162,-0.038,-0.051,-0.121,-0.112,-0.076,-0.051
-0.069,-0.186,-0.116,0.128,0.024,-0.151,-0.034,-0.03,-0.092,-0.101,-0.063,-0.042
-0.044,-0.132,-0.088,0.089,0.022,-0.11,-0.025,-0.018,-0.093,-0.099,-0.064,-0.034
-0.035,-0.168,-0.133,0.102,0.05,-0.15,-0.022,-0.009,-0.074,-0.087,-0.054,-0.028
-0.061,-0.163,-0.102,0.112,0.021,-0.132,-0.009,0.013,-0.06,-0.077,-0.062,-0.021
-0.046,-0.166,-0.12,0.106,0.038,-0.143,-0.003,0.035,-0.046,-0.069,-0.079,-0.015
-0.033,-0.16,-0.128,0.097,0.048,-0.144,0.005,0.063,-0.019,-0.061,-0.042,-0.007
-0.048,-0.128,-0.079,0.089,0.016,-0.103,0.024,0.095,0.002,-0.06,-0.046,-0.002
-0.053,-0.126,-0.074,0.09,0.011,-0.1,0.02,0.127,0.02,-0.052,-0.052,0.014
-0.024,-0.119,-0.096,0.071,0.036,-0.107,0.037,0.173,0.045,-0.051,-0.033,0.027
0.006,-0.112,-0.118,0.053,0.062,-0.115,0.074,0.207,0.068,-0.031,-0.024,0.024
0.018,-0.095,-0.113,0.039,0.066,-0.104,0.067,0.231,0.095,0.001,-0.018,0.024
0.046,-0.081,-0.127,0.018,0.087,-0.104,0.065,0.255,0.123,0.024,-0.016,0.038
0.08,-0.053,-0.133,-0.013,0.107,-0.093,0.062,0.243,0.124,0.025,0.002,0.046
0.088,-0.008,-0.096,-0.04,0.093,-0.052,0.058,0.223,0.128,0.027,0.022,0.056
0.054,-0.032,-0.086,-0.011,0.07,-0.059,0.08,0.203,0.142,0.059,0.041,0.071
0.059,-0.019,-0.078,-0.02,0.068,-0.048,0.092,0.177,0.14,0.077,0.061,0.07
0.082,0.012,-0.07,-0.047,0.076,-0.028,0.089,0.135,0.118,0.075,0.051,0.068
0.086,0.026,-0.06,-0.056,0.073,-0.017,0.086,0.087,0.097,0.064,0.029,0.065
0.041,-0.008,-0.049,-0.016,0.045,-0.028,0.086,0.041,0.064,0.037,0.019,0.064
-0.033,-0.074,-0.042,0.054,0.005,-0.058,0.078,-0.001,0.033,0.006,0.011,0.059
-0.036,-0.061,-0.025,0.048,-0.005,-0.043,0.06,-0.008,0.012,-0.006,0.0,0.05
-0.032,-0.084,-0.052,0.059,0.01,-0.068,0.043,-0.028,-0.006,-0.014,-0.032,0.045
-0.032,-0.082,-0.05,0.057,0.01,-0.066,0.03,-0.053,-0.023,-0.028,-0.054,0.036
-0.04,-0.058,-0.017,0.049,-0.011,-0.037,0.003,-0.049,-0.035,-0.041,-0.059,0.029
-0.044,-0.111,-0.067,0.078,0.011,-0.089,-0.016,-0.045,-0.035,-0.051,-0.049,0.019
-0.031,-0.138,-0.107,0.085,0.038,-0.122,-0.006,-0.031,-0.028,-0.033,-0.024,0.012
-0.039,-0.112,-0.073,0.076,0.017,-0.092,0.0,-0.02,-0.025,-0.023,-0.027,0.014
-0.04,-0.101,-0.061,0.07,0.011,-0.081,0.01,-0.022,-0.02,-0.027,-0.034,0.015
-0.058,-0.092,-0.034,0.076,-0.012,-0.063,0.014,-0.017,-0.013,-0.022,-0.041,0.014
-0.078,-0.071,0.007,0.074,-0.042,-0.032,0.005,-0.029,-0.034,-0.038,-0.044,0.016
-0.052,-0.091,-0.039,0.072,-0.006,-0.064,-0.002,-0.05,-0.053,-0.05,-0.038,0.012
-0.039,-0.078,-0.038,0.059,0.0,-0.058,-0.014,-0.052,-0.049,-0.04,-0.034,0.01
-0.033,-0.079,-0.046,0.056,0.007,-0.062,-0.003,-0.054,-0.051,-0.044,-0.029,0.01
-0.038,-0.106,-0.068,0.072,0.015,-0.087,0.005,-0.056,-0.05,-0.046,-0.027,0.01
-0.074,-0.088,-0.014,0.081,-0.029,-0.051,-0.008,-0.053,-0.049,-0.043,-0.016,0.01
-0.078,-0.097,-0.019,0.088,-0.029,-0.058,-0.019,-0.061,-0.058,-0.05,-0.042,0.01
-0.082,-0.118,-0.036,0.1,-0.023,-0.077,-0.029,-0.072,-0.066,-0.054,-0.069,0.005
-0.044,-0.111,-0.067,0.078,0.012,-0.089,-0.03,-0.069,-0.067,-0.052,-0.047,0.002
-0.002,-0.072,-0.07,0.037,0.034,-0.071,-0.034,-0.075,-0.071,-0.044,-0.04,-0.001
-0.049,-0.095,-0.046,0.072,-0.001,-0.07,-0.044,-0.081,-0.074,-0.054,-0.032,-0.006
-0.083,-0.142,-0.059,0.113,-0.012,-0.101,-0.04,-0.082,-0.076,-0.065,-0.031,-0.008
-0.076,-0.126,-0.05,0.101,-0.012,-0.088,-0.03,-0.096,-0.068,-0.058,-0.044,-0.021
-0.048,-0.085,-0.037,0.067,-0.005,-0.061,-0.02,-0.077,-0.047,-0.051,-0.034,-0.012
-0.026,-0.034,-0.007,0.03,-0.009,-0.02,-0.01,-0.049,-0.036,-0.033,0.006,0.011
-0.029,0.013,0.042,0.008,-0.036,0.027,0.0,-0.051,-0.027,-0.016,0.026,0.019
-0.039,0.026,0.065,0.006,-0.052,0.045,0.016,-0.05,-0.021,-0.011,-0.003,0.03
-0.014,0.037,0.051,-0.012,-0.032,0.044,0.011,-0.045,-0.003,0.0,0.019,0.04
0.006,0.089,0.083,-0.048,-0.039,0.086,-0.007,-0.045,-0.001,0.004,0.041,0.048
0.026,0.099,0.074,-0.063,-0.024,0.086,-0.03,-0.048,-0.007,0.01,0.027,0.045
0.011,0.006,-0.005,-0.008,0.008,0.0,-0.06,-0.073,-0.029,-0.005,0.012,0.029
-0.034,-0.065,-0.031,0.05,-0.001,-0.048,-0.06,-0.085,-0.057,-0.036,-0.015,0.003
-0.047,-0.116,-0.069,0.082,0.011,-0.092,-0.059,-0.096,-0.091,-0.082,-0.06,-0.026
-0.073,-0.175,-0.102,0.124,0.015,-0.138,-0.062,-0.118,-0.081,-0.09,-0.074,-0.049
-0.073,-0.162,-0.089,0.117,0.008,-0.125,-0.058,-0.099,-0.071,-0.081,-0.053,-0.058
-0.066,-0.156,-0.09,0.111,0.013,-0.123,-0.074,-0.125,-0.089,-0.088,-0.088,-0.069
-0.048,-0.133,-0.084,0.091,0.018,-0.108,-0.051,-0.067,-0.038,-0.061,-0.078,-0.059
-0.088,-0.164,-0.076,0.126,-0.006,-0.12,0.057,0.058,-0.072,-0.124,-0.101,-0.079
-0.135,-0.142,-0.007,0.139,-0.064,-0.075,0.336,0.426,0.132,-0.102,-0.127,-0.11
0.186,0.355,0.169,-0.271,0.008,0.262,0.282,0.691,0.443,0.27,0.226,0.14
0.777,1.084,0.307,-0.931,0.234,0.695,-0.186,0.173,1.158,1.106,0.997,0.718
0.654,1.08,0.425,-0.867,0.114,0.753,-0.195,-0.496,1.039,1.168,1.055,0.854
0.013,0.297,0.284,-0.155,-0.136,0.29,-0.102,-0.686,-0.374,0.149,0.228,0.348
-0.096,-0.104,-0.008,0.1,-0.044,-0.056,-0.142,-0.324,-0.481,-0.202,-0.1,0.044
-0.051,-0.114,-0.063,0.083,0.006,-0.089,-0.039,-0.051,-0.182,-0.122,-0.08,0.003
-0.078,-0.168,-0.09,0.123,0.007,-0.129,-0.022,-0.06,-0.202,-0.129,-0.108,-0.028
-0.059,-0.153,-0.094,0.106,0.018,-0.123,-0.008,-0.031,-0.102,-0.093,-0.082,-0.042
-0.077,-0.155,-0.078,0.117,0.001,-0.117,-0.015,-0.047,-0.15,-0.116,-0.097,-0.063
-0.051,-0.145,-0.094,0.098,0.022,-0.119,-0.038,-0.032,-0.098,-0.093,-0.085,-0.054
-0.059,-0.155,-0.096,0.107,0.019,-0.125,-0.03,-0.037,-0.112,-0.101,-0.09,-0.054
-0.064,-0.161,-0.097,0.113,0.017,-0.129,-0.03,-0.031,-0.083,-0.091,-0.081,-0.05
-0.072,-0.133,-0.061,0.103,-0.005,-0.097,-0.021,-0.022,-0.07,-0.09,-0.08,-0.047
-0.042,-0.131,-0.089,0.087,0.024,-0.11,-0.018,-0.014,-0.063,-0.091,-0.076,-0.045
-0.024,-0.146,-0.122,0.085,0.049,-0.134,-0.01,0.01,-0.048,-0.083,-0.07,-0.047
-0.071,-0.142,-0.071,0.107,0.0,-0.106,-0.008,0.027,-0.047,-0.087,-0.069,-0.058
-0.042,-0.138,-0.096,0.09,0.027,-0.117,0.005,0.063,-0.029,-0.079,-0.044,-0.051
-0.016,-0.136,-0.119,0.076,0.052,-0.127,0.004,0.079,-0.023,-0.071,-0.045,-0.038
-0.014,-0.122,-0.108,0.068,0.047,-0.115,0.009,0.12,0.019,-0.054,-0.046,-0.028
0.0,-0.088,-0.088,0.045,0.044,-0.088,0.047,0.155,0.046,-0.042,-0.035,-0.022
0.008,-0.075,-0.083,0.034,0.046,-0.079,0.06,0.189,0.074,-0.021,-0.029,-0.02
0.068,-0.078,-0.146,0.005,0.107,-0.112,0.065,0.233,0.1,0.017,-0.018,-0.012
0.132,-0.029,-0.161,-0.051,0.147,-0.095,0.065,0.225,0.115,0.009,-0.005,-0.012
0.112,-0.036,-0.148,-0.038,0.13,-0.092,0.068,0.219,0.138,0.029,0.025,0.011
0.071,-0.034,-0.105,-0.018,0.088,-0.07,0.072,0.214,0.139,0.061,0.044,0.031
0.063,-0.026,-0.089,-0.018,0.077,-0.057,0.069,0.198,0.145,0.058,0.051,0.031
0.097,0.002,-0.095,-0.05,0.096,-0.046,0.095,0.176,0.147,0.09,0.078,0.042
0.068,0.029,-0.04,-0.049,0.054,-0.005,0.088,0.136,0.133,0.077,0.081,0.033
0.007,0.014,0.007,-0.011,0.0,0.01,0.081,0.088,0.102,0.052,0.071,0.017
0.017,0.042,0.026,-0.03,-0.005,0.034,0.094,0.038,0.058,0.055,0.045,0.006
0.004,-0.028,-0.031,0.012,0.018,-0.03,0.08,0.004,0.024,0.027,-0.007,-0.006
-0.013,-0.075,-0.062,0.044,0.025,-0.069,0.074,-0.01,0.011,0.002,0.009,-0.017
-0.03,-0.065,-0.035,0.048,0.002,-0.05,0.065,-0.015,0.007,-0.011,0.006,-0.023
-0.051,-0.071,-0.02,0.061,-0.015,-0.045,0.054,-0.023,-0.001,-0.026,-0.031,-0.019
-0.035,-0.061,-0.026,0.048,-0.004,-0.043,0.046,-0.022,-0.007,-0.032,-0.029,-0.017
-0.017,-0.064,-0.048,0.041,0.015,-0.056,0.033,-0.018,-0.015,-0.031,-0.032,-0.014
-0.038,-0.054,-0.016,0.046,-0.011,-0.035,0.023,-0.014,-0.014,-0.029,-0.026,-0.011
-0.025,-0.062,-0.038,0.044,0.007,-0.05,0.01,-0.011,-0.016,-0.029,-0.027,-0.009
-0.057,-0.081,-0.023,0.069,-0.017,-0.052,-0.003,-0.006,-0.014,-0.023,-0.022,-0.006
-0.085,-0.075,0.01,0.08,-0.047,-0.032,-0.006,-0.005,-0.016,-0.026,-0.025,-0.001
-0.035,-0.04,-0.005,0.038,-0.015,-0.023,-0.002,-0.032,-0.014,-0.021,-0.007,0.002
-0.029,-0.059,-0.03,0.044,0.001,-0.044,0.017,-0.042,0.01,-0.001,0.019,0.005
0.003,-0.062,-0.065,0.03,0.034,-0.063,0.009,-0.039,-0.008,-0.028,-0.036,0.01
0.015,-0.021,-0.037,0.003,0.026,-0.029,-0.007,-0.042,-0.03,-0.047,-0.049,0.008
-0.011,-0.057,-0.046,0.034,0.018,-0.051,-0.015,-0.041,-0.028,-0.044,-0.035,0.003
-0.012,-0.064,-0.052,0.038,0.02,-0.058,-0.024,-0.051,-0.041,-0.045,-0.041,0.001
-0.038,-0.066,-0.028,0.052,-0.004,-0.047,-0.026,-0.068,-0.052,-0.045,-0.028,-0.004
-0.037,-0.064,-0.028,0.051,-0.004,-0.046,-0.046,-0.09,-0.066,-0.067,-0.035,-0.007
-0.013,-0.054,-0.041,0.034,0.014,-0.048,-0.053,-0.094,-0.073,-0.067,-0.041,-0.012
-0.07,-0.115,-0.045,0.093,-0.013,-0.079,-0.045,-0.085,-0.066,-0.058,-0.055,-0.009
-0.081,-0.108,-0.026,0.095,-0.027,-0.067,-0.047,-0.084,-0.065,-0.054,-0.052,-0.012
-0.027,-0.07,-0.042,0.048,0.008,-0.056,-0.042,-0.076,-0.063,-0.048,-0.011,-0.004
-0.039,-0.032,0.007,0.035,-0.023,-0.012,-0.012,-0.038,-0.019,-0.014,0.03,0.026
0.006,0.059,0.053,-0.033,-0.024,0.056,0.019,-0.011,0.009,0.005,0.043,0.035
0.056,0.089,0.033,-0.072,0.011,0.06,0.026,-0.028,0.002,-0.009,0.035,0.058
0.009,0.083,0.074,-0.046,-0.033,0.078,0.005,-0.033,0.008,0.0,0.035,0.075
0.004,0.092,0.088,-0.049,-0.042,0.09,-0.015,-0.042,0.001,0.004,0.028,0.075
0.042,0.115,0.073,-0.079,-0.016,0.094,-0.029,-0.042,0.01,0.016,0.027,0.081
0.05,0.057,0.007,-0.053,0.021,0.032,-0.052,-0.044,-0.03,0.0,0.018,0.062
-0.004,-0.078,-0.074,0.041,0.035,-0.076,-0.057,-0.075,-0.056,-0.037,-0.006,0.034
-0.044,-0.092,-0.048,0.069,0.002,-0.07,-0.058,-0.096,-0.088,-0.079,-0.037,-0.005
-0.051,-0.122,-0.071,0.087,0.011,-0.097,-0.049,-0.104,-0.109,-0.087,-0.065,-0.021
-0.06,-0.16,-0.1,0.11,0.02,-0.13,-0.041,-0.094,-0.095,-0.072,-0.073,-0.019
-0.043,-0.145,-0.102,0.094,0.03,-0.124,-0.033,-0.107,-0.107,-0.084,-0.093,-0.022
-0.009,-0.106,-0.097,0.057,0.044,-0.102,-0.028,-0.054,-0.059,-0.052,-0.051,-0.02
-0.028,-0.13,-0.103,0.079,0.038,-0.116,0.029,0.04,-0.085,-0.117,-0.094,-0.053
-0.088,-0.148,-0.059,0.118,-0.015,-0.103,0.33,0.398,0.131,-0.12,-0.149,-0.08
0.167,0.326,0.159,-0.247,0.003,0.243,0.31,0.696,0.419,0.23,0.206,0.146
0.787,1.045,0.258,-0.916,0.264,0.652,-0.156,0.236,1.138,1.076,0.981,0.741
0.708,1.097,0.389,-0.903,0.159,0.743,-0.232,-0.454,1.096,1.194,1.072,0.905
0.051,0.357,0.306,-0.204,-0.128,0.331,-0.163,-0.702,-0.349,0.166,0.254,0.398
-0.05,-0.123,-0.073,0.087,0.012,-0.098,-0.151,-0.339,-0.504,-0.208,-0.09,0.094
-0.044,-0.137,-0.093,0.09,0.025,-0.115,-0.05,-0.048,-0.175,-0.126,-0.063,0.039
-0.095,-0.157,-0.062,0.126,-0.016,-0.11,-0.038,-0.063,-0.202,-0.152,-0.094,0.004
-0.041,-0.151,-0.11,0.096,0.035,-0.131,-0.016,-0.03,-0.097,-0.108,-0.07,0.007
-0.043,-0.152,-0.109,0.097,0.034,-0.13,-0.03,-0.04,-0.144,-0.129,-0.086,-0.003
-0.025,-0.141,-0.116,0.083,0.045,-0.128,-0.052,-0.025,-0.095,-0.104,-0.077,-0.002
-0.031,-0.127,-0.096,0.08,0.033,-0.112,-0.037,-0.022,-0.108,-0.108,-0.076,-0.009
-0.037,-0.128,-0.091,0.083,0.027,-0.109,-0.035,-0.016,-0.088,-0.099,-0.069,-0.01
-0.046,-0.134,-0.088,0.09,0.022,-0.111,-0.022,-0.003,-0.076,-0.096,-0.054,-0.028
-0.023,-0.133,-0.11,0.078,0.044,-0.121,-0.018,0.004,-0.067,-0.095,-0.049,-0.038
-0.051,-0.13,-0.079,0.091,0.014,-0.104,-0.014,0.016,-0.045,-0.088,-0.073,-0.034
-0.063,-0.14,-0.078,0.102,0.008,-0.109,-0.011,0.034,-0.038,-0.088,-0.071,-0.036
-0.009,-0.104,-0.095,0.057,0.043,-0.099,-0.01,0.063,-0.014,-0.073,-0.054,-0.035
-0.035,-0.091,-0.056,0.063,0.011,-0.074,0.007,0.079,-0.01,-0.066,-0.04,-0.03
-0.026,-0.103,-0.077,0.065,0.026,-0.09,0.028,0.125,0.008,-0.054,-0.038,-0.006
0.044,-0.061,-0.105,0.009,0.075,-0.083,0.043,0.164,0.03,-0.042,-0.041,0.007
0.071,-0.023,-0.095,-0.024,0.083,-0.059,0.052,0.198,0.068,-0.028,-0.017,0.015
0.057,-0.026,-0.083,-0.015,0.07,-0.054,0.057,0.231,0.095,-0.007,-0.006,0.023
0.071,-0.043,-0.114,-0.013,0.093,-0.079,0.065,0.234,0.107,0.007,0.012,0.031
0.122,-0.012,-0.134,-0.055,0.128,-0.073,0.065,0.224,0.13,0.024,0.041,0.035
0.123,0.022,-0.1,-0.072,0.111,-0.039,0.061,0.222,0.132,0.037,0.056,0.035
0.105,0.043,-0.062,-0.073,0.083,-0.009,0.056,0.203,0.12,0.055,0.058,0.052
0.127,0.101,-0.027,-0.114,0.077,0.037,0.058,0.169,0.114,0.072,0.062,0.053
0.121,0.098,-0.024,-0.109,0.072,0.037,0.079,0.148,0.106,0.078,0.074,0.045
0.055,0.05,-0.005,-0.053,0.03,0.023,0.095,0.107,0.081,0.074,0.065,0.042
0.045,0.037,-0.008,-0.041,0.026,0.015,0.08,0.064,0.044,0.034,0.048,0.034
0.065,0.019,-0.046,-0.042,0.056,-0.013,0.061,0.032,0.019,0.003,0.023,0.03
0.018,-0.006,-0.024,-0.006,0.021,-0.014,0.053,-0.004,0.002,-0.019,-0.007,0.025
0.0,-0.009,-0.009,0.005,0.005,-0.008,0.043,-0.025,-0.007,-0.034,-0.02,0.022
-0.015,-0.022,-0.007,0.019,-0.004,-0.014,0.036,-0.026,-0.015,-0.038,-0.025,0.019
-0.029,-0.021,0.007,0.025,-0.018,-0.007,0.029,-0.022,-0.025,-0.053,-0.033,0.014
-0.012,-0.047,-0.035,0.029,0.012,-0.041,0.022,-0.02,-0.033,-0.051,-0.035,0.011
-0.031,-0.096,-0.065,0.064,0.017,-0.08,0.016,-0.016,-0.035,-0.04,-0.034,0.007
-0.029,-0.036,-0.007,0.033,-0.011,-0.021,0.01,-0.015,-0.035,-0.039,-0.035,0.005
-0.016,-0.019,-0.003,0.017,-0.006,-0.011,0.01,-0.009,-0.036,-0.026,0.002,0.005
-0.02,-0.065,-0.046,0.043,0.013,-0.055,0.011,0.004,-0.034,-0.028,0.007,0.005
-0.004,-0.049,-0.045,0.027,0.021,-0.046,0.009,-0.005,-0.032,-0.057,-0.033,0.005
-0.014,-0.055,-0.042,0.035,0.014,-0.048,0.011,-0.015,-0.023,-0.061,-0.035,0.015
-0.013,-0.02,-0.007,0.016,-0.003,-0.013,0.007,-0.024,-0.044,-0.059,-0.03,0.023
0.01,-0.023,-0.033,0.007,0.022,-0.029,-0.001,-0.052,-0.068,-0.061,-0.028,0.019
-0.021,-0.07,-0.05,0.046,0.015,-0.06,-0.014,-0.062,-0.064,-0.06,-0.023,0.017
-0.029,-0.04,-0.011,0.035,-0.009,-0.025,-0.045,-0.059,-0.07,-0.059,-0.019,0.014
-0.017,-0.059,-0.043,0.038,0.013,-0.051,-0.052,-0.06,-0.07,-0.054,-0.025,0.011
-0.044,-0.091,-0.048,0.068,0.002,-0.069,-0.048,-0.06,-0.067,-0.054,-0.033,0.01
-0.053,-0.079,-0.026,0.067,-0.014,-0.052,-0.048,-0.059,-0.064,-0.048,-0.03,0.004
-0.013,-0.074,-0.061,0.044,0.024,-0.067,-0.043,-0.076,-0.078,-0.061,-0.03,0.0
0.005,-0.067,-0.073,0.031,0.04,-0.07,-0.048,-0.102,-0.103,-0.076,-0.03,-0.009
-0.023,-0.084,-0.061,0.054,0.019,-0.072,-0.034,-0.099,-0.099,-0.068,-0.032,-0.011
-0.037,-0.073,-0.036,0.055,-0.001,-0.054,-0.041,-0.101,-0.102,-0.064,-0.028,-0.025
-0.049,-0.04,0.009,0.045,-0.029,-0.015,-0.06,-0.094,-0.093,-0.057,-0.036,-0.043
-0.058,-0.078,-0.02,0.068,-0.019,-0.049,-0.04,-0.064,-0.06,-0.052,-0.03,-0.005
-0.012,-0.032,-0.02,0.022,0.004,-0.026,-0.011,-0.038,-0.043,-0.047,-0.003,0.031
0.014,0.042,0.028,-0.028,-0.007,0.035,0.006,-0.011,-0.038,-0.039,-0.004,0.036
-0.019,0.056,0.075,-0.019,-0.047,0.066,0.001,-0.028,-0.035,-0.038,-0.008,0.037
-0.006,0.093,0.098,-0.044,-0.052,0.095,-0.016,-0.051,-0.023,-0.008,0.017,0.044
0.033,0.097,0.065,-0.065,-0.017,0.081,-0.027,-0.05,-0.03,0.016,0.028,0.047
0.042,0.09,0.048,-0.066,-0.003,0.069,-0.037,-0.033,-0.012,0.012,0.018,0.051
0.027,0.046,0.018,-0.037,0.005,0.032,-0.048,-0.04,-0.039,-0.014,-0.005,0.052
-0.014,-0.048,-0.033,0.032,0.01,-0.041,-0.041,-0.086,-0.078,-0.056,-0.024,0.032
-0.046,-0.133,-0.087,0.089,0.021,-0.11,-0.044,-0.087,-0.096,-0.091,-0.041,-0.001
-0.077,-0.141,-0.064,0.109,-0.006,-0.102,-0.068,-0.108,-0.125,-0.094,-0.066,-0.031
-0.071,-0.128,-0.058,0.1,-0.006,-0.093,-0.063,-0.094,-0.098,-0.082,-0.061,-0.024
-0.038,-0.167,-0.129,0.102,0.046,-0.147,-0.065,-0.098,-0.124,-0.111,-0.083,-0.047
-0.041,-0.152,-0.111,0.096,0.036,-0.131,-0.062,-0.076,-0.066,-0.096,-0.082,-0.066
-0.086,-0.147,-0.062,0.117,-0.012,-0.104,0.008,0.011,-0.101,-0.123,-0.111,-0.073
-0.116,-0.136,-0.02,0.126,-0.048,-0.078,0.278,0.327,0.051,-0.117,-0.132,-0.123
0.097,0.249,0.151,-0.173,-0.027,0.2,0.345,0.698,0.338,0.149,0.137,0.046
0.708,0.998,0.29,-0.853,0.209,0.644,-0.141,0.308,1.012,0.963,0.886,0.632
0.77,1.199,0.429,-0.985,0.171,0.814,-0.255,-0.412,1.235,1.313,1.177,0.925
0.135,0.494,0.359,-0.315,-0.112,0.426,-0.109,-0.716,-0.174,0.339,0.4,0.462
-0.061,-0.06,0.001,0.061,-0.031,-0.03,-0.173,-0.417,-0.597,-0.201,-0.086,0.066
-0.061,-0.126,-0.066,0.094,0.003,-0.095,-0.062,-0.059,-0.196,-0.108,-0.079,-0.001
-0.096,-0.137,-0.041,0.117,-0.028,-0.089,-0.033,-0.047,-0.218,-0.137,-0.104,-0.051
-0.084,-0.142,-0.058,0.113,-0.013,-0.099,-0.048,-0.028,-0.121,-0.104,-0.08,-0.057
-0.086,-0.171,-0.085,0.129,0.0,-0.128,-0.03,-0.037,-0.159,-0.12,-0.09,-0.07
-0.057,-0.156,-0.099,0.107,0.021,-0.128,-0.041,-0.036,-0.121,-0.105,-0.078,-0.091
-0.082,-0.143,-0.061,0.113,-0.01,-0.102,-0.03,-0.033,-0.122,-0.105,-0.078,-0.087
-0.068,-0.147,-0.078,0.108,0.005,-0.112,-0.035,-0.036,-0.111,-0.103,-0.076,-0.085
-0.067,-0.132,-0.065,0.1,-0.001,-0.099,-0.022,-0.022,-0.089,-0.093,-0.074,-0.084
-0.077,-0.142,-0.065,0.11,-0.006,-0.103,-0.019,-0.018,-0.092,-0.094,-0.077,-0.08
-0.066,-0.132,-0.067,0.099,0.001,-0.099,-0.011,0.011,-0.073,-0.085,-0.074,-0.08
-0.044,-0.098,-0.055,0.071,0.006,-0.076,-0.003,0.022,-0.069,-0.084,-0.076,-0.071
-0.031,-0.098,-0.068,0.065,0.018,-0.083,0.0,0.05,-0.038,-0.077,-0.065,-0.057
-0.036,-0.115,-0.079,0.076,0.022,-0.097,0.011,0.09,-0.029,-0.071,-0.053,-0.049
-0.018,-0.081,-0.062,0.05,0.022,-0.071,0.019,0.115,-0.008,-0.059,-0.043,-0.042
0.002,-0.064,-0.065,0.031,0.034,-0.064,0.03,0.149,0.017,-0.051,-0.035,-0.036
0.005,-0.06,-0.066,0.028,0.036,-0.063,0.04,0.189,0.037,-0.037,-0.03,-0.028
0.043,-0.047,-0.09,0.002,0.066,-0.068,0.048,0.226,0.074,-0.024,-0.014,-0.018
0.046,-0.063,-0.109,0.009,0.078,-0.086,0.07,0.241,0.092,-0.008,0.018,-0.009
0.04,-0.044,-0.085,0.002,0.063,-0.064,0.076,0.255,0.09,0.015,0.028,-0.002
0.089,0.011,-0.078,-0.05,0.084,-0.033,0.075,0.26,0.109,0.039,0.041,0.008
0.108,0.045,-0.063,-0.076,0.085,-0.008,0.075,0.23,0.106,0.062,0.054,0.013
0.129,0.05,-0.079,-0.089,0.104,-0.015,0.076,0.189,0.103,0.071,0.063,0.028
0.092,0.073,-0.019,-0.082,0.055,0.027,0.074,0.136,0.097,0.068,0.08,0.04
0.047,0.073,0.026,-0.06,0.01,0.049,0.07,0.109,0.075,0.074,0.074,0.027
0.057,0.024,-0.034,-0.04,0.045,-0.005,0.081,0.078,0.057,0.057,0.062,0.013
0.002,0.005,0.003,-0.003,-0.001,0.004,0.058,0.022,0.011,0.014,0.026,0.003
-0.032,-0.021,0.011,0.026,-0.021,-0.005,0.035,-0.003,-0.024,-0.008,0.002,-0.005
-0.003,0.002,0.005,0.0,-0.004,0.004,0.029,-0.027,-0.04,-0.038,0.0,-0.01
-0.01,0.029,0.039,-0.01,-0.025,0.034,0.016,-0.042,-0.045,-0.053,-0.007,-0.019
-0.041,-0.019,0.022,0.03,-0.031,0.001,0.008,-0.039,-0.049,-0.043,-0.011,-0.026
-0.022,-0.05,-0.027,0.036,0.003,-0.038,-0.002,-0.041,-0.061,-0.041,-0.018,-0.032
-0.014,-0.035,-0.021,0.025,0.004,-0.028,-0.008,-0.036,-0.057,-0.036,-0.02,-0.037
-0.035,-0.019,0.016,0.027,-0.025,-0.001,-0.018,-0.035,-0.052,-0.03,-0.021,-0.031
-0.022,-0.005,0.017,0.014,-0.02,0.006,-0.023,-0.035,-0.052,-0.033,-0.018,-0.052
-0.028,0.006,0.033,0.011,-0.03,0.019,-0.033,-0.029,-0.042,-0.047,-0.031,-0.076
-0.068,-0.051,0.017,0.059,-0.042,-0.017,-0.035,-0.031,-0.046,-0.043,-0.041,-0.069
-0.033,-0.036,-0.004,0.034,-0.014,-0.02,-0.017,-0.028,-0.054,-0.04,-0.033,-0.06
-0.01,0.027,0.037,-0.008,-0.024,0.032,-0.028,-0.037,-0.057,-0.038,-0.031,-0.069
-0.05,-0.02,0.03,0.035,-0.04,0.005,-0.042,-0.059,-0.081,-0.033,-0.026,-0.099
-0.018,-0.031,-0.014,0.025,-0.002,-0.022,-0.04,-0.061,-0.088,-0.041,-0.025,-0.101
-0.039,-0.004,0.036,0.022,-0.038,0.016,-0.039,-0.058,-0.082,-0.045,-0.024,-0.094
-0.057,-0.03,0.027,0.043,-0.042,-0.001,-0.037,-0.064,-0.088,-0.063,-0.022,-0.095
-0.012,-0.043,-0.031,0.028,0.01,-0.037,-0.032,-0.076,-0.081,-0.072,-0.018,-0.087
-0.021,-0.016,0.005,0.018,-0.013,-0.005,-0.045,-0.089,-0.094,-0.069,-0.027,-0.096
-0.027,-0.03,-0.003,0.028,-0.011,-0.016,-0.066,-0.1,-0.11,-0.071,-0.05,-0.106
-0.081,-0.075,0.007,0.078,-0.043,-0.034,-0.066,-0.099,-0.111,-0.069,-0.05,-0.104
-0.079,-0.067,0.012,0.073,-0.045,-0.027,-0.063,-0.094,-0.108,-0.071,-0.051,-0.1
-0.009,-0.03,-0.021,0.02,0.006,-0.025,-0.061,-0.093,-0.105,-0.074,-0.056,-0.097
-0.041,-0.035,0.006,0.038,-0.024,-0.014,-0.059,-0.09,-0.106,-0.076,-0.055,-0.096
0.009,-0.018,-0.027,0.005,0.018,-0.022,-0.06,-0.086,-0.101,-0.073,-0.053,-0.091
0.01,-0.004,-0.014,-0.003,0.012,-0.009,-0.072,-0.099,-0.113,-0.087,-0.044,-0.102
-0.033,-0.056,-0.023,0.045,-0.005,-0.039,-0.08,-0.109,-0.108,-0.086,-0.038,-0.1
-0.024,-0.046,-0.022,0.035,-0.001,-0.034,-0.039,-0.071,-0.076,-0.057,-0.031,-0.084
-0.017,0.05,0.067,-0.017,-0.042,0.058,-0.016,-0.042,-0.048,-0.034,-0.012,-0.074
0.014,0.079,0.065,-0.047,-0.026,0.072,-0.007,-0.039,-0.038,-0.02,0.009,-0.069
-0.041,0.062,0.103,-0.011,-0.072,0.082,0.022,-0.019,-0.035,-0.019,0.019,-0.065
-0.031,0.084,0.115,-0.026,-0.074,0.099,0.001,-0.04,-0.027,0.0,0.034,-0.042
-0.002,0.086,0.087,-0.042,-0.045,0.086,-0.029,-0.057,-0.03,0.021,0.047,-0.042
0.02,0.115,0.095,-0.067,-0.038,0.104,-0.057,-0.026,-0.011,0.03,0.043,-0.037
-0.016,0.044,0.06,-0.014,-0.038,0.052,-0.075,-0.063,-0.066,-0.015,0.025,-0.045
-0.037,-0.023,0.014,0.029,-0.025,-0.004,-0.066,-0.102,-0.107,-0.068,-0.011,-0.086
-0.019,-0.065,-0.046,0.042,0.013,-0.055,-0.068,-0.108,-0.136,-0.092,-0.058,-0.115
-0.046,-0.114,-0.068,0.08,0.012,-0.091,-0.061,-0.11,-0.13,-0.095,-0.044,-0.126
-0.005,-0.063,-0.058,0.034,0.027,-0.06,-0.079,-0.106,-0.137,-0.109,-0.056,-0.135
-0.029,-0.118,-0.089,0.074,0.03,-0.103,-0.089,-0.118,-0.129,-0.104,-0.085,-0.138
-0.05,-0.097,-0.047,0.074,-0.002,-0.072,-0.069,-0.06,-0.095,-0.09,-0.074,-0.137
-0.086,-0.116,-0.03,0.101,-0.028,-0.073,0.078,0.087,-0.102,-0.146,-0.13,-0.194
-0.101,-0.052,0.049,0.076,-0.075,-0.001,0.385,0.537,0.146,-0.069,-0.082,-0.193
0.337,0.57,0.234,-0.454,0.051,0.402,0.184,0.641,0.511,0.407,0.392,0.152
0.903,1.246,0.342,-1.075,0.28,0.794,-0.281,-0.012,1.275,1.267,1.164,0.766
0.551,1.051,0.5,-0.802,0.026,0.775,-0.223,-0.61,0.759,1.042,0.996,0.756
0.003,0.236,0.233,-0.12,-0.116,0.234,-0.147,-0.651,-0.572,0.008,0.137,0.201
-0.048,-0.096,-0.048,0.072,0.0,-0.072,-0.132,-0.225,-0.398,-0.164,-0.068,-0.032
-0.09,-0.065,0.025,0.077,-0.057,-0.02,-0.044,-0.046,-0.224,-0.118,-0.047,-0.09
-0.054,-0.129,-0.074,0.092,0.01,-0.101,-0.028,-0.065,-0.218,-0.125,-0.086,-0.125
-0.085,-0.135,-0.05,0.11,-0.017,-0.092,-0.011,-0.032,-0.152,-0.12,-0.086,-0.129
-0.087,-0.11,-0.023,0.099,-0.032,-0.066,-0.051,-0.05,-0.197,-0.147,-0.093,-0.146
-0.044,-0.113,-0.069,0.078,0.013,-0.091,-0.051,-0.033,-0.133,-0.111,-0.075,-0.143
-0.073,-0.109,-0.035,0.091,-0.019,-0.072,-0.04,-0.044,-0.139,-0.12,-0.078,-0.147
-0.101,-0.129,-0.029,0.115,-0.036,-0.079,-0.028,-0.035,-0.115,-0.1,-0.082,-0.144
-0.062,-0.112,-0.05,0.087,-0.005,-0.081,-0.031,-0.023,-0.13,-0.103,-0.09,-0.146
-0.034,-0.081,-0.047,0.058,0.006,-0.063,-0.053,-0.002,-0.105,-0.096,-0.079,-0.143
-0.052,-0.096,-0.044,0.074,-0.004,-0.07,-0.033,0.028,-0.093,-0.091,-0.076,-0.14
-0.038,-0.092,-0.055,0.065,0.008,-0.073,-0.023,0.041,-0.074,-0.089,-0.068,-0.137
-0.02,-0.077,-0.057,0.049,0.019,-0.067,-0.012,0.072,-0.051,-0.078,-0.06,-0.135
0.029,-0.063,-0.092,0.018,0.061,-0.077,-0.001,0.105,-0.032,-0.073,-0.052,-0.128
0.002,-0.063,-0.065,0.03,0.034,-0.063,0.033,0.143,0.007,-0.066,-0.044,-0.109
-0.012,-0.032,-0.02,0.022,0.004,-0.025,0.043,0.18,0.017,-0.053,-0.036,-0.105
0.025,-0.013,-0.037,-0.006,0.031,-0.025,0.046,0.219,0.044,-0.031,-0.018,-0.105
0.039,-0.036,-0.075,-0.002,0.057,-0.056,0.074,0.263,0.081,-0.005,-0.001,-0.103
0.07,0.008,-0.062,-0.038,0.066,-0.027,0.075,0.262,0.088,0.001,0.003,-0.098
0.095,0.048,-0.047,-0.071,0.071,0.0,0.075,0.253,0.098,0.017,0.021,-0.103
0.112,0.047,-0.065,-0.079,0.088,-0.008,0.075,0.249,0.102,0.053,0.06,-0.085
0.107,0.071,-0.036,-0.089,0.071,0.017,0.075,0.223,0.096,0.068,0.066,-0.056
0.095,0.077,-0.018,-0.086,0.056,0.029,0.075,0.19,0.097,0.075,0.072,-0.038
0.089,0.108,0.019,-0.099,0.035,0.063,0.064,0.152,0.092,0.063,0.078,-0.05
0.064,0.104,0.041,-0.084,0.011,0.072,0.056,0.117,0.07,0.044,0.058,-0.082
0.036,0.05,0.013,-0.043,0.011,0.031,0.047,0.067,0.029,0.029,0.046,-0.078
0.027,0.058,0.031,-0.043,-0.002,0.044,0.038,0.021,-0.006,0.012,0.031,-0.104
0.032,0.052,0.019,-0.042,0.006,0.035,0.03,0.005,-0.034,-0.008,0.027,-0.125
-0.016,0.0,0.016,0.008,-0.016,0.007,0.02,-0.008,-0.057,-0.022,0.009,-0.112
-0.031,0.021,0.052,0.005,-0.041,0.036,0.012,-0.03,-0.076,-0.053,-0.045,-0.114
-0.034,0.036,0.071,-0.001,-0.053,0.053,0.003,-0.035,-0.087,-0.068,-0.041,-0.108
-0.055,0.012,0.067,0.021,-0.061,0.039,-0.006,-0.025,-0.066,-0.038,-0.012,-0.104
-0.03,0.032,0.062,-0.001,-0.046,0.047,-0.018,-0.02,-0.072,-0.048,-0.009,-0.114
-0.028,0.037,0.065,-0.005,-0.047,0.051,-0.023,-0.012,-0.09,-0.065,0.0,-0.121
-0.011,0.034,0.045,-0.011,-0.028,0.039,-0.016,-0.005,-0.084,-0.058,0.005,-0.116
-0.002,0.027,0.029,-0.013,-0.016,0.028,-0.02,-0.016,-0.078,-0.054,-0.014,-0.113
-0.017,0.049,0.066,-0.016,-0.041,0.057,-0.032,-0.041,-0.074,-0.048,-0.019,-0.11
-0.054,0.037,0.091,0.008,-0.073,0.064,-0.026,-0.041,-0.066,-0.043,-0.029,-0.113
-0.066,0.016,0.082,0.024,-0.074,0.049,-0.026,-0.038,-0.069,-0.038,-0.053,-0.117
-0.029,0.046,0.075,-0.008,-0.052,0.06,-0.059,-0.068,-0.103,-0.063,-0.023,-0.113
-0.019,0.053,0.071,-0.017,-0.045,0.062,-0.073,-0.083,-0.118,-0.078,-0.028,-0.117
-0.009,0.033,0.042,-0.012,-0.026,0.037,-0.068,-0.083,-0.116,-0.073,-0.058,-0.112
-0.012,0.013,0.025,-0.001,-0.019,0.019,-0.075,-0.086,-0.122,-0.08,-0.046,-0.116
-0.03,0.036,0.066,-0.003,-0.049,0.051,-0.074,-0.09,-0.123,-0.08,-0.042,-0.133
-0.016,0.027,0.043,-0.006,-0.03,0.035,-0.076,-0.089,-0.126,-0.08,-0.034,-0.134
-0.013,0.026,0.039,-0.007,-0.027,0.032,-0.079,-0.093,-0.129,-0.085,-0.026,-0.125
-0.036,0.004,0.04,0.016,-0.038,0.022,-0.082,-0.108,-0.13,-0.09,-0.029,-0.128
-0.04,-0.012,0.027,0.026,-0.033,0.007,-0.084,-0.101,-0.131,-0.094,-0.027,-0.159
-0.054,-0.01,0.044,0.032,-0.049,0.017,-0.088,-0.094,-0.135,-0.099,-0.047,-0.153
-0.04,-0.005,0.035,0.022,-0.038,0.015,-0.091,-0.094,-0.135,-0.098,-0.067,-0.128
-0.049,0.008,0.057,0.02,-0.053,0.032,-0.088,-0.089,-0.133,-0.092,-0.063,-0.132
-0.076,-0.041,0.035,0.058,-0.056,-0.002,-0.082,-0.087,-0.13,-0.089,-0.057,-0.129
-0.071,-0.031,0.04,0.051,-0.056,0.005,-0.078,-0.084,-0.126,-0.084,-0.054,-0.126
-0.082,-0.008,0.074,0.045,-0.078,0.033,-0.076,-0.081,-0.124,-0.08,-0.049,-0.125
-0.053,-0.008,0.045,0.03,-0.049,0.018,-0.056,-0.079,-0.108,-0.064,-0.033,-0.124
-0.039,0.031,0.07,0.004,-0.055,0.051,-0.038,-0.051,-0.081,-0.043,-0.004,-0.119
-0.043,0.092,0.135,-0.025,-0.089,0.113,-0.04,-0.035,-0.081,-0.039,0.018,-0.116
-0.028,0.118,0.146,-0.045,-0.088,0.132,-0.047,-0.038,-0.076,-0.035,0.008,-0.108
-0.018,0.128,0.145,-0.056,-0.082,0.136,-0.047,-0.05,-0.074,-0.031,0.022,-0.086
0.013,0.146,0.133,-0.08,-0.06,0.139,-0.055,-0.07,-0.073,-0.029,0.034,-0.077
0.022,0.133,0.11,-0.078,-0.044,0.121,-0.064,-0.054,-0.064,-0.021,0.017,-0.066
-0.023,0.056,0.079,-0.017,-0.051,0.067,-0.072,-0.078,-0.102,-0.053,0.002,-0.08
-0.061,-0.021,0.04,0.041,-0.05,0.009,-0.09,-0.105,-0.129,-0.09,-0.048,-0.124
-0.09,-0.051,0.039,0.07,-0.064,-0.006,-0.09,-0.121,-0.169,-0.11,-0.074,-0.146
-0.082,-0.056,0.026,0.069,-0.054,-0.015,-0.09,-0.12,-0.14,-0.11,-0.07,-0.168
-0.089,-0.071,0.017,0.08,-0.053,-0.027,-0.082,-0.104,-0.155,-0.131,-0.068,-0.186
-0.069,-0.067,0.001,0.068,-0.035,-0.033,-0.089,-0.104,-0.122,-0.111,-0.058,-0.17
-0.037,-0.036,0.001,0.037,-0.019,-0.017,-0.071,-0.051,-0.11,-0.121,-0.11,-0.168
-0.118,-0.118,0.0,0.118,-0.058,-0.059,0.132,0.155,-0.068,-0.16,-0.145,-0.228
-0.067,0.072,0.139,-0.003,-0.103,0.106,0.377,0.602,0.183,-0.028,-0.043,-0.206
0.453,0.784,0.331,-0.619,0.061,0.557,0.042,0.535,0.625,0.557,0.525,0.245
0.899,1.311,0.412,-1.105,0.243,0.861,-0.306,-0.146,1.33,1.33,1.223,0.799
0.393,0.891,0.497,-0.642,-0.052,0.694,-0.122,-0.652,0.45,0.815,0.795,0.606
-0.056,0.155,0.21,-0.05,-0.133,0.182,-0.162,-0.59,-0.669,-0.127,0.004,0.095
-0.016,-0.02,-0.004,0.018,-0.006,-0.013,-0.138,-0.169,-0.333,-0.17,-0.098,-0.059
-0.08,-0.038,0.042,0.059,-0.06,0.001,-0.03,-0.039,-0.242,-0.151,-0.08,-0.118
-0.055,-0.102,-0.047,0.079,-0.004,-0.074,-0.071,-0.029,-0.2,-0.15,-0.077,-0.149
-0.069,-0.08,-0.011,0.075,-0.029,-0.045,-0.044,-0.031,-0.161,-0.132,-0.102,-0.134
-0.076,-0.08,-0.003,0.079,-0.036,-0.041,-0.062,-0.061,-0.178,-0.14,-0.112,-0.133
-0.072,-0.091,-0.018,0.082,-0.027,-0.054,-0.051,-0.041,-0.136,-0.119,-0.079,-0.122
-0.11,-0.079,0.031,0.095,-0.071,-0.024,-0.059,-0.057,-0.157,-0.126,-0.093,-0.119
-0.086,-0.066,0.02,0.076,-0.053,-0.023,-0.071,-0.04,-0.111,-0.111,-0.088,-0.111
-0.03,-0.057,-0.028,0.044,-0.001,-0.042,-0.06,-0.024,-0.105,-0.112,-0.091,-0.107
-0.035,-0.058,-0.023,0.047,-0.006,-0.04,-0.059,0.003,-0.087,-0.102,-0.09,-0.101
-0.087,-0.056,0.031,0.072,-0.059,-0.012,-0.047,0.028,-0.086,-0.099,-0.089,-0.095
-0.07,-0.044,0.026,0.057,-0.048,-0.008,-0.04,0.032,-0.082,-0.088,-0.091,-0.09
-0.031,-0.019,0.012,0.024,-0.021,-0.003,-0.032,0.06,-0.054,-0.075,-0.072,-0.081
-0.013,-0.018,-0.004,0.016,-0.004,-0.011,-0.016,0.105,-0.024,-0.065,-0.048,-0.068
-0.013,0.009,0.022,0.002,-0.017,0.016,-0.009,0.126,-0.014,-0.055,-0.041,-0.057
-0.008,0.054,0.062,-0.024,-0.035,0.057,0.009,0.175,0.004,-0.048,-0.028,-0.051
0.013,0.013,0.0,-0.013,0.006,0.006,0.046,0.223,0.044,-0.038,-0.008,-0.044
0.072,0.027,-0.045,-0.049,0.058,-0.008,0.051,0.233,0.064,-0.018,-0.002,-0.038
0.116,0.083,-0.033,-0.099,0.075,0.025,0.049,0.231,0.068,-0.001,0.004,-0.031
0.101,0.088,-0.014,-0.094,0.057,0.037,0.055,0.222,0.083,0.011,0.009,-0.026
0.115,0.134,0.019,-0.124,0.048,0.076,0.054,0.216,0.1,0.043,0.041,-0.029
0.121,0.143,0.022,-0.132,0.049,0.082,0.056,0.198,0.105,0.06,0.069,-0.026
0.088,0.125,0.037,-0.107,0.025,0.08,0.059,0.166,0.102,0.055,0.066,-0.023
0.056,0.128,0.073,-0.092,-0.009,0.1,0.061,0.126,0.085,0.047,0.074,-0.021
0.039,0.09,0.051,-0.065,-0.006,0.07,0.062,0.084,0.047,0.038,0.057,-0.02
0.035,0.104,0.069,-0.07,-0.017,0.086,0.056,0.05,0.0,0.013,0.044,-0.051
-0.011,0.071,0.082,-0.03,-0.047,0.076,0.05,0.02,-0.02,-0.014,0.06,-0.08
-0.003,0.046,0.049,-0.022,-0.026,0.047,0.04,0.001,-0.042,-0.031,-0.003,-0.081
-0.03,0.053,0.083,-0.012,-0.056,0.068,0.024,-0.003,-0.051,-0.05,-0.041,-0.076
-0.088,0.013,0.101,0.037,-0.095,0.056,0.013,-0.022,-0.06,-0.049,-0.001,-0.101
-0.054,0.037,0.091,0.009,-0.073,0.063,0.007,-0.037,-0.078,-0.053,-0.014,-0.133
-0.059,0.026,0.085,0.017,-0.073,0.055,0.003,-0.034,-0.067,-0.07,-0.023,-0.129
-0.058,0.047,0.104,0.005,-0.081,0.075,-0.002,-0.035,-0.065,-0.067,-0.03,-0.13
-0.042,0.055,0.097,-0.007,-0.07,0.076,-0.006,-0.035,-0.061,-0.062,-0.043,-0.131
-0.028,0.023,0.051,0.002,-0.04,0.037,-0.01,-0.035,-0.054,-0.058,-0.023,-0.128
-0.012,0.06,0.072,-0.024,-0.043,0.066,-0.026,-0.037,-0.069,-0.053,0.007,-0.139
-0.012,0.076,0.087,-0.032,-0.05,0.081,-0.032,-0.041,-0.076,-0.05,0.005,-0.146
0.003,0.075,0.072,-0.039,-0.035,0.073,-0.028,-0.044,-0.076,-0.043,-0.035,-0.145
0.003,0.076,0.073,-0.04,-0.035,0.074,-0.032,-0.048,-0.081,-0.042,-0.03,-0.143
0.015,0.073,0.058,-0.044,-0.022,0.065,-0.028,-0.05,-0.079,-0.032,-0.016,-0.139
0.012,0.079,0.067,-0.046,-0.028,0.073,-0.038,-0.05,-0.089,-0.045,-0.023,-0.14
-0.04,0.056,0.096,-0.008,-0.068,0.076,-0.057,-0.06,-0.093,-0.064,-0.024,-0.136
-0.045,0.048,0.093,-0.002,-0.069,0.071,-0.055,-0.081,-0.1,-0.071,-0.027,-0.134
-0.015,0.077,0.092,-0.031,-0.054,0.084,-0.053,-0.097,-0.114,-0.084,-0.041,-0.132
-0.031,0.048,0.079,-0.009,-0.056,0.064,-0.051,-0.089,-0.106,-0.076,-0.031,-0.126
-0.031,0.021,0.052,0.004,-0.042,0.037,-0.047,-0.074,-0.097,-0.067,-0.013,-0.148
-0.019,0.042,0.061,-0.012,-0.04,0.052,-0.059,-0.079,-0.091,-0.056,-0.047,-0.159
-0.024,0.094,0.118,-0.035,-0.071,0.105,-0.057,-0.074,-0.079,-0.043,-0.036,-0.148
-0.001,0.144,0.145,-0.072,-0.073,0.144,-0.031,-0.045,-0.051,-0.034,0.002,-0.14
-0.011,0.118,0.129,-0.054,-0.07,0.123,-0.001,-0.045,-0.034,-0.025,0.014,-0.134
-0.011,0.162,0.173,-0.075,-0.092,0.167,-0.02,-0.045,-0.037,-0.019,0.03,-0.125
0.005,0.209,0.205,-0.107,-0.1,0.207,-0.049,-0.045,-0.028,-0.014,0.038,-0.117
-0.014,0.157,0.171,-0.072,-0.093,0.164,-0.052,-0.062,-0.036,-0.018,0.025,-0.107
-0.014,0.153,0.167,-0.069,-0.09,0.159,-0.073,-0.051,-0.054,-0.012,0.025,-0.103
-0.048,0.088,0.136,-0.02,-0.092,0.112,-0.072,-0.076,-0.09,-0.052,0.012,-0.158
-0.028,0.039,0.067,-0.006,-0.048,0.053,-0.086,-0.117,-0.142,-0.093,-0.051,-0.191
-0.029,0.036,0.064,-0.004,-0.047,0.05,-0.103,-0.118,-0.154,-0.102,-0.07,-0.214
-0.087,-0.031,0.056,0.059,-0.071,0.012,-0.095,-0.127,-0.148,-0.115,-0.063,-0.235
-0.062,-0.036,0.025,0.049,-0.043,-0.005,-0.105,-0.121,-0.153,-0.105,-0.057,-0.22
-0.072,-0.038,0.034,0.054,-0.053,-0.001,-0.102,-0.112,-0.127,-0.135,-0.08,-0.226
-0.071,-0.013,0.059,0.042,-0.065,0.023,-0.073,-0.024,-0.086,-0.136,-0.077,-0.214
-0.129,-0.078,0.051,0.103,-0.09,-0.013,0.192,0.223,-0.039,-0.165,-0.137,-0.295
0.01,0.197,0.188,-0.104,-0.089,0.192,0.34,0.635,0.259,0.053,0.045,-0.19
0.533,0.888,0.354,-0.711,0.089,0.621,-0.006,0.492,0.801,0.725,0.683,0.287
